"detail","fixed_detail"
"275mL","250-499ml"
"65g","OTHERS"
"750Ml","749-999ml"
"160G","OTHERS"
"750mL","749-999ml"
"75G","OTHERS"
"120G","OTHERS"
"90Ml","1-99ml"
"200G","OTHERS"
"650mL","500-749ml"
"100G","OTHERS"
"94G","OTHERS"
"245mL","100-249ml"
"250Ml","250-499ml"
"520mL","500-749ml"
"50X1.9G","OTHERS"
"770Ml","749-999ml"
"210mL","100-249ml"
"135mL","100-249ml"
"190g","OTHERS"
"Single","OTHERS"
"40mL","1-99ml"
"58G","OTHERS"
"200mL","100-249ml"
"110g","OTHERS"
"65Ml","1-99ml"
"100mL","100-249ml"
"ML","OTHERS"
"100ML","100-249ml"
"Totebag","OTHERS"
"50gr","1-99gr"
"Cream","OTHERS"
"430ml","250-499ml"
"400ml","250-499ml"
"380ml","250-499ml"
"100ml","100-249ml"
"10g","OTHERS"
"7.5gr","1-99gr"
"Cleanser","OTHERS"
"SPF35","OTHERS"
"200ml","100-249ml"
"Lavender","OTHERS"
"Dyson","OTHERS"
"Oven","OTHERS"
"580ml","500-749ml"
"70ml","1-99ml"
"45Ml","1-99ml"
"45ml","1-99ml"
"FREE","OTHERS"
"gr","OTHERS"
"VolumeConditione","OTHERS"
"Volume","OTHERS"
"Gr","OTHERS"
"500Ml","500-749ml"
"Scrunchie","OTHERS"
"Mat","OTHERS"
"3","OTHERS"
"Lunchbox","OTHERS"
"135ml","100-249ml"
"100g","OTHERS"
"Bottle","OTHERS"
"Tea","OTHERS"
"320ml","250-499ml"
"650ml","500-749ml"
"1L","1L+"
"Sunseru","OTHERS"
"WAT","OTHERS"
"Get","OTHERS"
"50g","OTHERS"
"Mini","OTHERS"
"7.5G","OTHERS"
"Tweezers","OTHERS"
"25","OTHERS"
"Makan","OTHERS"
"Bulu","OTHERS"
"Kecil","1L+"
"Ikea","OTHERS"
"4Lux","OTHERS"
"3Lux","OTHERS"
"50Gr","1-99gr"
"11ml","1-99ml"
"Pack","OTHERS"
"4","OTHERS"
"Vixal","1L+"
"6","OTHERS"
"Box","OTHERS"
"Molto","OTHERS"
"SERUM100ML","OTHERS"
"Serum100ml","OTHERS"
"400mL","250-499ml"
"Pink","OTHERS"
"Sunlight","OTHERS"
"Dishwash","OTHERS"
"Sariwangi","OTHERS"
"L","1L+"
"Zwitsal","1L+"
"170Ml","100-249ml"
"300ml","250-499ml"
"85ml","1-99ml"
"125ml","100-249ml"
"Planet100ml","OTHERS"
"210ml","100-249ml"
"340Ml","250-499ml"
"100gr","100-249gr"
"Lavender100ml","OTHERS"
"1.5L","1L+"
"Baju","OTHERS"
"Microfiber","OTHERS"
"Spons","OTHERS"
"180ml","100-249ml"
"600ml","500-749ml"
"LocknLock","OTHERS"
"Storage","OTHERS"
"Nanosoft","OTHERS"
"180ML","100-249ml"
"30s","OTHERS"
"160GR","100-249gr"
"BuavitaApel500ml","OTHERS"
"Bag","OTHERS"
"250ml","250-499ml"
"30g","OTHERS"
"160ml","100-249ml"
"Red","OTHERS"
"Soft","OTHERS"
"660ml","500-749ml"
"Rose","OTHERS"
"450Ml","250-499ml"
"Silcot","OTHERS"
"170ml","100-249ml"
"Dewy200ml","OTHERS"
"varian)","OTHERS"
"200Ml","100-249ml"
"Mask","OTHERS"
"180Ml","100-249ml"
"Spray","OTHERS"
"Wipol","1L+"
"PEDAS]","OTHERS"
"825ml","749-999ml"
"2L","1L+"
"Lipat","OTHERS"
"Spinner","OTHERS"
"2","OTHERS"
"VIU","OTHERS"
"1kg","OTHERS"
"500gr","500-749gr"
"kg","OTHERS"
"190G","OTHERS"
"25X1.85G","OTHERS"
"140mL","100-249ml"
"100Ml","100-249ml"
"70Ml","1-99ml"
"400Ml","250-499ml"
"70G","OTHERS"
"780Ml","749-999ml"
"108mL","100-249ml"
"160g","OTHERS"
"80mL","1-99ml"
"40g","OTHERS"
"50mL","1-99ml"
"700Ml","500-749ml"
"46g","OTHERS"
"23g","OTHERS"
"400ML","250-499ml"
"12X28ml","1-99ml"
"25X1.6G","OTHERS"
"1.525Kg","OTHERS"
"410mL","250-499ml"
"225G","OTHERS"
"580Ml","500-749ml"
"2Kg","OTHERS"
"350Ml","250-499ml"
"1.6L","1L+"
"510mL","500-749ml"
"42Ml","1-99ml"
"80Ml","1-99ml"
"Bdd","OTHERS"
"50Ml","1-99ml"
"1000Ml","100-249ml"
"50G","OTHERS"
"70mL","1-99ml"
"160mL","100-249ml"
"320mL","250-499ml"
"110G","OTHERS"
"4X60g","OTHERS"
"20G","OTHERS"
"600g","OTHERS"
"650G","OTHERS"
"1.6Kg","OTHERS"
"110Ml","100-249ml"
"300Ml","250-499ml"
"10G","OTHERS"
"Celup","OTHERS"
"4X110g","OTHERS"
"320Ml","250-499ml"
"825mL","749-999ml"
"220G","OTHERS"
"650g","OTHERS"
"3X110g","OTHERS"
"40G","OTHERS"
"2X190g","OTHERS"
"460g","OTHERS"
"230mL","100-249ml"
"120Ml","100-249ml"
"45G","OTHERS"
"120mL","100-249ml"
"70g","OTHERS"
"300mL","250-499ml"
"40Ml","1-99ml"
"1.8Kg","OTHERS"
"44G","OTHERS"
"108Ml","100-249ml"
"75Ml","1-99ml"
"Kit","OTHERS"
"180mL","100-249ml"
"22G","OTHERS"
"65mL","1-99ml"
"170g","OTHERS"
"7G","OTHERS"
"680mL","500-749ml"
"1.65L","1L+"
"95mL","1-99ml"
"150+25G","OTHERS"
"20g","OTHERS"
"30X1.85G","OTHERS"
"55Ml","1-99ml"
"4.8G","OTHERS"
"280Ml","250-499ml"
"7g","OTHERS"
"150G","OTHERS"
"35g","OTHERS"
"160Ml","100-249ml"
"90G","OTHERS"
"6X9g","OTHERS"
"135Ml","100-249ml"
"910mL","749-999ml"
"420mL","250-499ml"
"400g","OTHERS"
"25G","OTHERS"
"290mL","250-499ml"
"735mL","500-749ml"
"120+30G","OTHERS"
"75+25G","OTHERS"
"60mL","1-99ml"
"500mL","500-749ml"
"170mL","100-249ml"
"150+40g","OTHERS"
"1.45L","1L+"
"56mL","1-99ml"
"45mL","1-99ml"
"131mL","100-249ml"
"64mL","1-99ml"
"430mL","250-499ml"
"155mL","100-249ml"
"Chocolate","OTHERS"
"Strawberry","OTHERS"
"6X45mL","1-99ml"
"Refill/400ml","OTHERS"
"1500mL","100-249ml"
"2Pcs","OTHERS"
"4Pcs","OTHERS"
"330mL","250-499ml"
"1000mL/KemasanPump","OTHERS"
"1200mL","100-249ml"
"125mL-","OTHERS"
"250mL","250-499ml"
"425mL","250-499ml"
"700mL","500-749ml"
"125mL","100-249ml"
"g","OTHERS"
"Random","OTHERS"
"100mL/Twinpack","OTHERS"
"300mL/Twinpack","OTHERS"
"Buy1Get1/Twinpack","OTHERS"
"245ML","100-249ml"
"Bubuk","OTHERS"
"Anak","OTHERS"
"Care","OTHERS"
"275Ml","250-499ml"
"Menthol","1L+"
"190G
","OTHERS"
"275ML","250-499ml"
"1000mL","100-249ml"
"Pcs","OTHERS"
"1.8g/25pcs","OTHERS"
"1.85g/25pcs","OTHERS"
"25pcs/1.5g","OTHERS"
"25pcs/1.8g","OTHERS"
"1.85g/ 25pcs","OTHERS"
"125mLx40Pcs","OTHERS"
"BELI3GRATIS1BuavitaJusBuahAsliKoreanWhitePeachMinumanKolagenKayaVitaminC245mL","OTHERS"
"500ml","500-749ml"
"","OTHERS"
"3Pcs","OTHERS"
"275ml","250-499ml"
"Lock","OTHERS"
"210mL/24pcs/1Karton","OTHERS"
"220g/24pcs/1karton","OTHERS"
"220g/24pcs/1Karton","OTHERS"
"170G","OTHERS"
"mL
","OTHERS"
"Kg
","OTHERS"
"450mL","250-499ml"
"L
","OTHERS"
"720mL","500-749ml"
"3Pcs
","OTHERS"
"6Pcs","OTHERS"
"1500mLFreeSirupMarjan","OTHERS"
"1Pcs","OTHERS"
"2Pcs
","OTHERS"
"190mL","100-249ml"
"1600mLFreeIkeaLunchBox","OTHERS"
"200mLisi2Pcs","OTHERS"
"200mLisi3Pcs","OTHERS"
"-","OTHERS"
"735ml","500-749ml"
"310mL","250-499ml"
"550ml","500-749ml"
"4Pcs/100g","OTHERS"
"825mL/TwinPack","OTHERS"
"1000mL/TwinPack","OTHERS"
"825mL FreeTerryPalmerHandTowel","1L+"
"825mL/TwinpackFreeHandukTerryPalmer","OTHERS"
"Twinpack","OTHERS"
