"name","brand"
"Bango Kecap Manis 275mL","BANGO"
"Close Up Pasta Gigi Gel Green Menthol Fresh 65g","CLOSE"
"Wipol Pembersih Lantai Classic Pine 750Ml","WIPOL"
"Close Up Pasta Gigi Gel Green Ever Fresh 160G","CLOSE"
"Vixal Pembersih Porselin Green 750mL","VIXAL"
"Vixal Pembersih Keramik Pors Biru 750mL","VIXAL"
"Pepsodent Pencegah Gigi Berlubang Pasta Gigi 75G","PEPSODENT"
"Pepsodent Pencegah Gigi Berlubang Pasta Gigi 120G","PEPSODENT"
"Wall's Ice Cream Populaire Chocolate-Vanila 90Ml","WALL'S"
"Wall's Ice Cream Populaire Strawbery-Vanila 90Ml","WALL'S"
"Blue Band Margarine Serbaguna 200G","BLUE"
"Sunlight Pencuci Piring Jeruk Nipis 650mL","SUNLIGHT"
"Royco Bumbu Kaldu Ayam 100G","ROYCO"
"Royco Bumbu Kaldu Daging Sapi 94G","ROYCO"
"Buavita Jus Buah Jambu 245mL","BUAVITA"
"Buavita Orange 250Ml","BUAVITA"
"Buavita Juice Slim Apple 245mL","BUAVITA"
"Buavita Jus Buah Asli Mangga 245mL","BUAVITA"
"Buavita Juice Slim Lychee 245mL","BUAVITA"
"Bango Kecap Manis 520mL","BANGO"
"Sariwangi Teh Celup Asli 50X1.9G","SARIWANGI"
"Super Pell Pembersih Lantai Refill Fresh Apple 770Ml","SUPER"
"Super Pell Pembersih Lantai Refill Lemon Ginger 770Ml","SUPER"
"Wipol Karbol Wangi Cemara 750Ml","WIPOL"
"Bango Kecap Manis Refill 210mL","BANGO"
"Bango Kecap Manis 135mL","BANGO"
"Pepsodent Pasta Gigi Whitening 75G","PEPSODENT"
"Pepsodent Pasta Gigi Action 123 + Whitening 190g","PEPSODENT"
"Pepsodent Sikat Gigi Double Care Sensitive Single","PEPSODENT"
"Dove Deodorant Roll On Complete Care Original 40mL","DOVE"
"Royco Sup Krim Ayam 58G","ROYCO"
"Zwitsal Baby Sabun Mandi Cair Natural H&B Aloe Vera 200mL","ZWITSAL"
"Close Up Pasta Gigi Deep Action Menthol Fresh 110g","CLOSE"
"Wall's Ice Cream Feast Chocolate 65Ml","WALL'S"
"Wall's Ice Cream Feast Vanilla 65Ml","WALL'S"
"Zwitsal Baby Cologne Canola Oil Floral Kisses 100mL","ZWITSAL"
"Buy 2 Sunsilk Black Shine 900 ml Refill Pouch FREE Sunsilk 300 ML","BUY"
"Buy 2 Sunsilk Black Shine 900ML FREE Ponds Rose Micellar Water 100ML","BUY"
"Buy 2 Sunsilk Black Shine 900ml FREE Sunsilk Rambut Rontok 300 ML","BUY"
"Buy 2 Close Up Korea Everfresh Spearmint free Kim Mingue Totebag","BUY"
"Buy 2 Close Up Korea Everfresh Eucalyptus free Kim Mingue Totebag","BUY"
"Zwitsal Baby Bath Aloe Vera 450Ml Twinpack FREE Baby Diaper Cream 50gr","ZWITSAL"
"Zwitsal Eau De Toilette 100Ml Twinpack FREE Baby Diaper Cream 50gr","ZWITSAL"
"Zwitsal Baby Face & Body Care Cream 50g Isi 2 FREE Baby Diaper Cream","ZWITSAL"
"Lifebuoy Shampoo Kuat & Berkilau 430ml","LIFEBUOY"
"LBP Rice Oil&Angelica Body Wash 380ml Isi 2 FREE LBP Conditioner 400ml","LBP"
"LBP Rice Oil Body Serum 185ml Isi 2 FREE LBP Conditioner 380ml","LBP"
"LBP Body Mist Rose & Coconut 100ML Twinpack FREE LBP Body Mist 100ml","LBP"
"Vaselineâ€‹ Gluta Flawless Bright + Overnight 200Ml FREE Lip Care 10g","VASELINEâ€‹"
"LBP Rice Oil&Angelica Body Serum 185ml FREE LBP Conditioner 380ml","LBP"
"LBP Rice Oil&Sakura Glow Serum 185ml Isi 2 FREE LBP Body Mist 100ml","LBP"
"LBP Rice Oil&Sakura Glow Body Serum 185ml FREE LBP Body Mist 100ml","LBP"
"Ponds Sun Serum SPF35 FREE Ponds Power Serum 7,5gr","PONDS"
"LBP Body Mist Rose & Coconut 100ML FREE LBP Body MIst Lavender 100ml","LBP"
"LBP Soft & Nourish Shampoo 380ml FREE LBP Body MIst Lavender 100ml","LBP"
"Ponds Age Miracle Youthful Glow 30Ml FREE Ponds Age Miracle Cleanser","PONDS"
"Ponds Sun Serum SPF35 Twinpack FREE Ponds Power Serum 7,5gr","PONDS"
"Ponds Age Miracle Ultimate Youth Essence 30G FREE Ponds Age Cleanser","PONDS"
"Ponds Vitamin Micellar Water Rose 235Ml Isi 2 FREE Sun Serum SPF35","PONDS"
"Sariwangi Teh Mawar Twinpack FREE Oatside Barista Blend 200ml","SARIWANGI"
"Buy 1 Rinso Matic Capsule Sakura + Buy 1 Rinso Matic Capsule Lavender","BUY"
"Buy 2 Rinso Matic Capsule Sakura + Buy 2 Rinso Matic Capsule Lavender","BUY"
"Buy 3 Rinso Matic Capsule Sakura + Buy 3 Rinso Matic Capsule Lavender","BUY"
"[KESEMPATAN MENANG] Mystery Box Rinso Capsule Sakura FREE Dyson","[KESEMPATAN"
"[KESEMPATAN MENANG] Mystery Box Rinso Lavender Fresh Free Oven","[KESEMPATAN"
"Lux Bright Bluebell Niacinamide Body Wash Pump 580ml","LUX"
"Clear Shampoo Anti Ketomber Complete Soft Care 70ml","CLEAR"
"Rexona Men Deodorant Anti-Perspirant Roll On Activ-Bright 45Ml","REXONA"
"Rexona Men Deodorant Anti-Perspirant Adventure Roll On 45Ml","REXONA"
"Rexona Men Anti-Perspirant Roll On Natural Fresh Lime Cool 45ml","REXONA"
"Rexona Men Anti-Perspirant Roll On Natural Fresh Charcoal Fresh 45Ml","REXONA"
"Rexona Men Anti-Perspirant Deodorant Roll On Sport Defence 45Ml","REXONA"
"DOVE BW GF REVIVE KR REFF 400ML FREE","DOVE"
"[Mystery Box] Sunlight Extra Lembut 650ml Twinpack FREE Midea Oven","[MYSTERY"
"Buy 3 Lifebuoy Lemon Fresh 825ml FREE Lifebuoy Cool Fresh 400ml","BUY"
"Bango Less Sugar 520ml + Royco Ayam 220gr FREE Fiber CrÃ¨me 100 gr","BANGO"
"Love Beauty & Planet Body MistLavender 100ML FREE LBP VolumeConditione","LOVE"
"Love Beauty & Planet Soft & Nourish Conditioner 380ml FREE LBP Volume","LOVE"
"St. Ives Fresh Skin Apricot Face Scrub - 90 Gr","ST."
"Pears Pure & Gentle Body Wash With Lemon Flower Extract 500Ml","PEARS"
"Citra Natural Booster Body Serum Insta Glow 180 ML FREE Scrunchie","CITRA"
"Citra Natural Booster Body Serum Complete Glow 180 ML FREE Scrunchie","CITRA"
"Citra Natural Booster Body Serum SPF 20 PA++ 180 ML FREE Scrunchie","CITRA"
"[Mystery Box] Buy 2 Bango Less Sugar 520ml GET LuluLemon Yoga Mat","[MYSTERY"
"Zwitsal Baby Bath 2In1 Hair Body Aloe Vera 450Ml isi 3","ZWITSAL"
"Zwitsal Baby Natural Set Spa Gift Box Kado Bayi 1Pc isi 3","ZWITSAL"
"Vaseline Healthy Bright Vitamin Body Serum Soft Glow 180Ml isi 3","VASELINE"
"Zwitsal Baby Bath Hair and Body 450ml Twinpack isi 3","ZWITSAL"
"Sunsilk Shampo Rambut Lembut Activ-Infusion with Argan Oil 400ml isi 3","SUNSILK"
"IKEA Lunchbox","IKEA"
"Buy 3 AXE Dark Temptation 135ml FREE AXE Apollo 135ml","BUY"
"Buy 3 Rexona Dry Serum Free Vaseline Soft Glow 100ml","BUY"
"2 Molto Perfume Beads Luxury Perfume 200G FREE Molto Anti Kusut 100ml","2"
"Buy 2 Molto Pure Pewangi Pakaian Bayi 1.6L FREE Molto Anti Kusut 100ml","BUY"
"2 Molto Perfume Beads Fresh Blossom 200G FREE Molto Anti Kusut 100ml","2"
"Pepsodent Nanosoft Sensitive Isi 3 + Pepsodent SME Relief&Protect 100g","PEPSODENT"
"MOLTO ANTI KUSUT SPRAY PURPLE 100ML FREE","MOLTO"
"Premium Dishwashing Bottle","PREMIUM"
"WIPOL UP SEREH&JERUK PCH NEW 190ML FREE","WIPOL"
"Pepsodent TB Nanosoft Sensitive Isi 3 FREE","PEPSODENT"
"Buy 2 Sariwangi Green Tea Free 1 Sariwangi Green Tea","BUY"
"Sunsilk Shampo Anti Ketombe Rambut Sehat dan Kuat Anti Dandruff 400ml","SUNSILK"
"Sunsilk Shampo Anti Ketombe Rambut Sehat dan Kuat Anti Dandruff 320ml","SUNSILK"
"Sunsilk Shampo Anti Ketombe Rambut Sehat dan Kuat Anti Dandruff 650ml","SUNSILK"
"Citra Natural Booster Body Serum Insta Glow 180 ML","CITRA"
"Citra Natural Booster Body Serum Complete Glow 180 ML","CITRA"
"Citra Natural Booster Body Serum Protect Glow SPF 20 PA++ 180 ML","CITRA"
"Royco Bumbu Penyedap Makanan Rasa Kaldu Sapi 220G Free Minyak 1L","ROYCO"
"Buy 2 Sunlight Extra Lembut 625ml FREE Sunlight Gentle Premium Bottle","BUY"
"Buy 2 Ponds Bright Beauty Cream Moisturizer 40g Get UV Protect Sunseru","BUY"
"Buy PONDS UV PROTECT SUNSERUM SPF50+ 30gr Free PONDS ROSE MICELLAR WAT","BUY"
"Buy 2 Vaseline Hand Body Lotion Healthy White UV Lightening 400ml Get","BUY"
"Buy 2 Zwitsal Baby Bath Hair Body Aloe Vera 450ml FREE Baby Cream 50g","BUY"
"Rinso Kapsul Sakura Blossom & Rinso Rose Fresh 1.65L FREE Bantal Mini","RINSO"
"Buy Ponds UV Protect Sun Serum SPF35 30G Free Ponds Bright Serum 7.5G","BUY"
"Buy 1 Dove Deeply Nourish 825ml + 2 Dove Ultimate Repair FREE Tweezers","BUY"
"[NOT FOR SALE] Gift Molto Pure 135ml","[NOT"
"Sariwangi Teh Celup Asli Isi 25","SARIWANGI"
"Rinso Kapsul Sakura Bloom 168gr isi 2 FREE Ecentio Set Alat Makan","RINSO"
"Rinso Kapsul Lavender Fresh 168gr isi 2 FREE TATARUMA Roller Bulu","RINSO"
"Rinso Kapsul Sakura Bloom 168gr isi 3 FREE Minisoo Handuk Kecil","RINSO"
"Rinso Kapsul Sakura Bloom 168gr isi 6 FREE Mug Ikea","RINSO"
"FREE Minyak Goreng Sania 1L","FREE"
"Rinso Capsule Sakura 168g & Zwitsal Bath Hair Body Aloe 450ml Get 4Lux","RINSO"
"Sunlight Extra Lembut 650ml & Zwitsal Bath Hair Body 450ml Get 3Lux","SUNLIGHT"
"Zwitsal Baby Bath Hair & Body Package FREE Care Cream 50Gr","ZWITSAL"
"FREE Clear Shampoo Anti Ketombe & Rontok Xtra 20% 11ml","FREE"
"Buavita Mini Juice Apel 125ml Twin Pack","BUAVITA"
"Buavita Mini Juice Jambu 125ml Isi 4","BUAVITA"
"Sunlight Sabun Cuci Piring Higienis 650ml Isi 4","SUNLIGHT"
"Rinso Detergent Kapsul Lavender Fresh 168g & Perfume Beads FREE Vixal","RINSO"
"Rinso Molto Deterjen Bubuk Rose Fresh 770G Isi 6","RINSO"
"Wipol Sabun Pembersih Lantai Karbol Cemara 750ml Isi 6","WIPOL"
"Rinso Molto Deterjen Bubuk Korean Strawberry Powder 700g Isi 6","RINSO"
"Sariwangi Teh Mawar Celup 25pc Isi 6","SARIWANGI"
"Molto Pelembut & Pewangi Pakaian Pure 1600ml Isi 6","MOLTO"
"Sarimurni Teh Celup Asli 20pc Isi 6","SARIMURNI"
"Vixal Pembersih Pembersih Lantai Karbol Cemara 750ml Isi 6","VIXAL"
"Sariwangi Teh Celup Melati 25pc Isi 6","SARIWANGI"
"Sunlight Sabun Cuci Piring Korean Strawberry 560ml Isi 6","SUNLIGHT"
"Lifebuoy Sabun Cuci Piring Refill 680ml Isi 4","LIFEBUOY"
"Rinso Molto Deterjen Bubuk Perfume Essence 1.8Kg Isi 4","RINSO"
"Rinso Molto Detergent Deterjen Cair Rose Fresh 1.65L Isi 4","RINSO"
"Buavita Mini Juice Jeruk 125ml Twin Pack","BUAVITA"
"Vixal Pembersih Pembersih Kamar Mandi Kuat Harum 780ml Isi 6","VIXAL"
"Rinso Molto Deterjen Cair Korean Strawberry Liquid 565ml Isi 6","RINSO"
"Rinso Molto Perfume Essence Liquid 1.65L Isi 4","RINSO"
"Wipol Pembersih Lantai Karbol Cemara Refill 410Ml Isi 6","WIPOL"
"Lifebuoy Sabun Cuci Piring Refill 1500ml Isi 4","LIFEBUOY"
"Molto Pelembut dan Pewangi Parfum Boost Japanese Peach 650ml Isi 6","MOLTO"
"Molto Softener Pelembut & Pewangi Pakaian Pure 720ml Isi 4","MOLTO"
"Superpell Pembersih Lantai Korean Strawberry 770ml Isi 6","SUPERPELL"
"BANGO LESS SUGAR 520ML KECAP RENDAH GULA Isi 4","BANGO"
"Sariwangi Teh Celup Hijau Isi 25 Isi 4","SARIWANGI"
"Royco Bumbu Kaldu Sapi 100G Isi 4","ROYCO"
"Rinso Molto Deterjen Bubuk Perfume Essence 770G Isi 6","RINSO"
"Molto Pelembut & Pewangi Parfum Boost Casablanca Lily 650ml Isi 6","MOLTO"
"Royco Bumbu Komplit Krim Jagung 50G Isi 4","ROYCO"
"Molto Perfume Boost Pelembut & Pewangi Korean Strawberry 680ml Isi 6","MOLTO"
"Lifebuoy Sabun Cuci Piring Refill 680ml Isi 6","LIFEBUOY"
"Rinso Molto Perfume Essence Liquid 1.65L Isi 6","RINSO"
"Paket Higienis Rinso Kapsul Sakura Blossom 168g FREE Lunch Box","PAKET"
"Paket Higienis Rinso Kapsul Lavender Fresh 168g FREE Lunch Box","PAKET"
"Lifebuoy Sabun Cuci Piring Refill 1500ml Isi 6","LIFEBUOY"
"Rinso Matic Cair Bukaan Depan 1.45L & Kapsul Lavender 168g FREE Molto","RINSO"
"BANGO LESS SUGAR 520ML KECAP RENDAH GULA Isi 6","BANGO"
"Rinso Matic Cair Bukaan Depan 1.45L & Kapsul Sakura 168g FREE Molto","RINSO"
"Sariwangi Teh Celup Hijau Isi 25 Isi 6","SARIWANGI"
"Royco Bumbu Kaldu Sapi 100G Isi 6","ROYCO"
"Royco Bumbu Komplit Krim Jagung 50G Isi 6","ROYCO"
"Citra Natural BS Glow SPF20 180ml Get Citra HBL Serum Fresh Glow 100ML","CITRA"
"Citra Natural BS Insta Glow 180ml Get CITRA HBL SERUM FRESH GLOW 100ML","CITRA"
"Citra BS Protect GlowSPF20 & Insta Glow180ML Get CITRA SERUM100ML","CITRA"
"Citra BS Protec GlowSPF20 & Fresh Glow180ml Get Citra Serum100ml","CITRA"
"Citra BS Insta & Fresh Glow Aloe Bright 180ml Get Citra Serum100ml","CITRA"
"Zwitsal Baby Bath Hair & Body Aloe Vera 200mL","ZWITSAL"
"Zwitsal Baby Bath Hair & Body Milky Honey 200mL","ZWITSAL"
"Zwitsal Baby Bath Hair & Body Antibac 200mL","ZWITSAL"
"Zwitsal Baby Bath Hair & Body Antibac 400mL","ZWITSAL"
"Zwitsal Baby Bath Telon 200mL","ZWITSAL"
"FREE Clear Shampoo Complete Soft Care Xtra 20% 11ml","FREE"
"Buy 2 Molto Pure Pewangi Pakaian Bayi 1.6L FREE Lunch Box","BUY"
"Molto Perfume Beads Fresh Blossom 200G FREE Lunch Box","MOLTO"
"Molto Perfume Beads Luxury Perfume Purple 200G FREE Lunch Box","MOLTO"
"Zwitsal Baby Bath Hair & Body FREE 2 X Molto Pure 135ml","ZWITSAL"
"Zwitsal Baby Bath Hair & Body Aloe Vera 400mL","ZWITSAL"
"Vaseline Lip Care color+care 3gr Tinted Lip Balm Blooming  Pink","VASELINE"
"FREE Baskom serbaguna - Sunlight","FREE"
"FREE Talenan - Lifebuoy Dishwash","FREE"
"FREE Cetakan es batu - Sariwangi","FREE"
"Zwitsal Baby Bath 2 In 1 Hair Body Aloe Vera 450Ml Free 1 Minyak 1 L","ZWITSAL"
"Zwitsal Baby Natural Set Spa Gift Box 1Pc isi 2 Free Toples Zwitsal","ZWITSAL"
"Vaselineâ€‹ Gluta Dewy Radiance 330Ml Free Tresemme Shampoo 170Ml","VASELINEâ€‹"
"Sunlight Power Spray Pencuci Piring 300ml","SUNLIGHT"
"Vaseline Dewy Radiance + Flawless Bright 330ml Free Dove 85ml","VASELINE"
"Vaselineâ€‹ Gluta Dewy Radiance 330Ml Free Dove Super Shampoo 125ml","VASELINEâ€‹"
"[Buy 3 Get Sunlight700ml]Sunlight Sabun Cuci Piring Extra Lembut 650ml","[BUY"
"Vaselineâ€‹ Gluta Dewy Radiance 330Ml Free Love Beauty Planet100ml","VASELINEâ€‹"
"Buy 1 Sunlight Sabun Cuci Piring Extra Lembut 650ml Get Sunlight 210ml","BUY"
"Vaselineâ€‹ Gluta Dewy Radiance 330Ml Free Tresemme Conditioner 340Ml","VASELINEâ€‹"
"Lux Body Mist Lotus & Honey 100ml isi 2 Free Lux Bluebell 400ml","LUX"
"Ponds AM Ultimate Renew Essence 110ml Free Ponds Cleanser 100gr","PONDS"
"Love Beauty & Planet Angelica soft Shampoo 380ml FREE BM Lavender100ml","LOVE"
"Buy 6 Vixal Kuat Segar Pouch 600ml FREE Lock & Lock Bottle 1.5L","BUY"
"Buy 4 Vixal Kuat Segar Pouch 600ml FREE Keranjang Baju","BUY"
"Buy 2 Vixal Kuat Segar Pouch 600ml FREE Kain Microfiber","BUY"
"Buy 1 Vixal Kuat Segar Pouch 600ml FREE Spons","BUY"
"Vixal Kuat Segar Pouch 180ml Isi 4","VIXAL"
"Vixal Kuat Segar Pouch 180ml Isi 6","VIXAL"
"Vixal Kuat Segar Pouch 180ml","VIXAL"
"Vixal Kuat Segar Pouch 600ml Twin Pack","VIXAL"
"Vixal Kuat Segar Pouch 600ml Isi 4","VIXAL"
"Vixal Kuat Segar Pouch 600ml","VIXAL"
"Vixal Kuat Segar Pouch 600ml Isi 6","VIXAL"
"Vixal Kuat Segar Isi 2 &Molto Beads Perfume Purple 200g FREE LocknLock","VIXAL"
"Vixal Kuat Segar 600ml & Molto Pewangi Pure 1600ml FREE Food Storage","VIXAL"
"Lifebuoy 3-in-1 BW Shampoo Handwash 300ml Free Pepsodent Nanosoft","LIFEBUOY"
"Lifebuoy 3-in-1 BW Shampoo Handwash 300ml Free LUX BW BLUEBELL 400ml","LIFEBUOY"
"Lifebuoy 3-in-1 BW Shampoo Handwash 300ml Free LIFEBUOY MILDCARE 180ML","LIFEBUOY"
"Sariwangi 50s+ Jahe Kunyit 25s+ Buavita Guava 500ml FREE Sariwangi 30s","SARIWANGI"
"Lifebuoy 3-in-1 BW Shampoo Handwash 300ml Free CLOSEUP GREEN 160GR","LIFEBUOY"
"Buavita Guava 1L+KoreanPeach 245ml+Sariwangi 20s FREE BuavitaApel500ml","BUAVITA"
"Vixal Kuat Segar Pouch 180ml Twin Pack","VIXAL"
"Ponds AM Essence 50ml + Berry Glow Mask 8g isi 3 FREE ShopatVelvet Bag","PONDS"
"Lifebuoy Bodywash Total 10 Bottle 250ml","LIFEBUOY"
"Ponds UV Protect Sunserum SPF50 Bottle 30g","PONDS"
"Lifebuoy Bodywash Lemon Fresh Bottle 250ml","LIFEBUOY"
"Citra Hand Body Lotion Serum Complete Glow 100ml","CITRA"
"Clear Shampoo Anti Ketombe & Anti Rontok 160ml","CLEAR"
"Vaseline Lip Care color+care 3gr Tinted Lip Balm Kissing Red","VASELINE"
"Clear Shampoo Anti Ketombe & Anti Rontok 300ml","CLEAR"
"Zwitsal Baby Bath 2 In 1 Aloe Vera450Ml Free Pepsodent Kids Extra Soft","ZWITSAL"
"Clear Shampoo Anti Ketombe & Anti Rontok 660ml","CLEAR"
"Vaseline Lip Care color+care 3gr Tinted Lip Balm Mellow Rose","VASELINE"
"Zwitsal Baby Bath 2 In 1 Aloe Vera 450Ml Free Lifebuoy Matcha 450Ml","ZWITSAL"
"Ponds Age Miracle Ultimate Hydra Essence 110ml FREE Ponds Silcot","PONDS"
"Vaseline Gluta Overnight 330ml + Soft Glow 180ml Free Shampoo 170ml","VASELINE"
"Vaseline Gluta Flawless Bright 200ml + Soft Glow 180ml","VASELINE"
"[Isi6] Vaseline Healthy Brightâ€‹ Gluta Serum Lotion Flawess + Dewy200ml","[ISI6]"
"Vaseline Gluta Dewy Radiance 200ml + Soft Glow 180ml","VASELINE"
"Lifebuoy Lemon Fresh 825ml FREE Clear Shampoo Xtra 20% 11ml (2 varian)","LIFEBUOY"
"Lifebouy BW Lemon Refill825ml Get Clear Shp Anti Ktombe rontok 11ml","LIFEBOUY"
"Vaseline Gluta Flawless Bright 330ml + Gluta Dewy Radiance 200ml","VASELINE"
"Vaseline Gluta Dewy Radiance 200ml + UV Extra Brigthening 200Ml","VASELINE"
"Ponds Age Miracle Facial Treatment Cleanser 100g FREE Ponds Eye Mask","PONDS"
"Vaselineâ€‹ Gluta Flawless Bright 330ml isi 2 + Body Serum 180Ml","VASELINEâ€‹"
"Vaseline Gluta Flawless Bright 220ml + Lip Care Rosy Tinted 10g","VASELINE"
"Citra HBL Cmplte Glow 180ml isi 2 FREE Citra HBL Fresh Glow 100ml","CITRA"
"FREE Oven Listrik - Sunlight Spray","FREE"
"FREE Salad Spinner - Sunlight Spray","FREE"
"FREE Molto Pink 250ml","FREE"
"FREE Payung Wipol","FREE"
"FREE Baskom Cuci Sayur Buah - Sunlight Spray","FREE"
"FREE Rak Piring Lipat - Sunlight Spray","FREE"
"Royco Kaldu Ayam 220gr 3pcs [BUMBU RAMEN KUAH PEDAS]","ROYCO"
"[Buy 2 Get 2] Lifebuoy Sabun Cair dan Mandi Antiseptik Total 10 825ml","[BUY"
"Sunlight Power Spray 300ml Twinpack FREE Set Makan","SUNLIGHT"
"Sunlight Power Spray 300ml Triplepack FREE Botol Minum 2L","SUNLIGHT"
"Sunlight Power Spray 300ml Multipack FREE Rak Piring Lipat","SUNLIGHT"
"Sunlight Power Spray 300ml Multipack FREE Salad Spinner","SUNLIGHT"
"Sunlight Power Spray Pencuci Piring 300ml Twinpack - isi 2","SUNLIGHT"
"Sunlight Power Spray Pencuci Piring 300ml isi 4","SUNLIGHT"
"Sunlight Power Spray Pencuci Piring 300ml isi 6","SUNLIGHT"
"Vixal Kuat Segar Pouch 600ml isi 3 Free Lunch Box","VIXAL"
"Royco Kaldu Ayam 220gr 3pcs Free Voucher VIU","ROYCO"
"Clear Shampoo Anti Ketombe Soft Care 70ml isi 2 Free Lunch Box","CLEAR"
"Love Beauty & Planet Body Mist Rose & Coconut 100ml Free Botol 1,5L","LOVE"
"Love Beauty&Planet Body Mist Lavender&Vanilla 100ml Free Food Storage","LOVE"
"Rinso Detergent Kapsul Lavender Fresh 168g isi 2 Free Minyak 1L","RINSO"
"Vaseline Healthy Bright Lotion Dewy Radiance 200ml isi 2 Free Gula 1kg","VASELINE"
"Vaseline Gluta Lotion Flawless Bright 330ml isi 2 Free Lunch Box","VASELINE"
"Vaseline Healthy Bright Serum Overnight 330ml isi 2 Free Food Storage","VASELINE"
"Sunlight Power Spray 300ml isi 2 FREE Gula 500gr","SUNLIGHT"
"Sunlight Power Spray 300ml isi 2 FREE Minyak 1 kg","SUNLIGHT"
"Sunlight Power Spray 300ml isi 3 FREE Lunch Box","SUNLIGHT"
"Sunlight Power Spray 300ml isi 2 FREE Food Storage","SUNLIGHT"
"Wipol Karbol Wangi Lemon 750Ml","WIPOL"
"Pepsodent Action 123 Pasta Gigi Herbal 190G","PEPSODENT"
"Zwitsal Baby Sabun Mandi Cair Natural H&B Aloe Vera 400mL","ZWITSAL"
"Zwitsal Baby Cologne Soft Touch Aloe Vera 100mL","ZWITSAL"
"Sariwangi Teh Celup Hijau Asli 25X1.85G","SARIWANGI"
"Wall's Ice Cream Paddle Pop Shaky Shake 140mL","WALL'S"
"Zwitsal Baby Hair Lotion Aloe Vera Kemiri Seledri 100Ml","ZWITSAL"
"Zwitsal Baby Shampoo Natural 100Ml","ZWITSAL"
"Zwitsal Baby Sabun Mandi Cair Natural Milk Honey 200Ml","ZWITSAL"
"Lifebuoy Shampoo Anti Dandruff 70Ml","LIFEBUOY"
"Lifebuoy Shampoo Anti Dandruff 170Ml","LIFEBUOY"
"Lifebuoy Shampoo Anti Dandruff 340Ml","LIFEBUOY"
"Lifebuoy Sabun Mandi Cair Red 100Ml","LIFEBUOY"
"Lifebuoy Sabun Mandi Cair White 100Ml","LIFEBUOY"
"Lifebuoy Sabun Mandi Cair Mild Care 400Ml","LIFEBUOY"
"Lifebuoy Sabun Mandi Cair Total10 400Ml","LIFEBUOY"
"Vaseline Lotion Intensive Care Aloe Soothe 200Ml","VASELINE"
"Zwitsal Baby Sabun Mandi Batang Natural Rich Honey 70G","ZWITSAL"
"Pepsodent Pasta Gigi Center Fresh 160G","PEPSODENT"
"Molto Pewangi Pakaian Flower Shower Pink 780Ml","MOLTO"
"Molto Pewangi Pakaian Floral Bliss Blue 780Ml","MOLTO"
"Vaseline Body Lotion Healthy Bright Uv Extra Bright 100Ml","VASELINE"
"Vaseline Body Lotion Healthy Bright Uv Extra Bright 200Ml","VASELINE"
"Vaseline Intensive Care Lotion Healthy Sunblock Spf-30 100Ml","VASELINE"
"Axe Deodorant Bodyspray Dark Temptation 135mL","AXE"
"Lifebuoy Shampoo Strong & Shiny 170Ml","LIFEBUOY"
"Lifebuoy Shampoo Strong & Shiny 340Ml","LIFEBUOY"
"Wall's Ice Cream Cornetto Disc Chocolate 108mL","WALL'S"
"Zwitsal Baby Hair Lotion Natural Aloe Vera Kemiri Seledri 200Ml","ZWITSAL"
"Close Up Pasta Gigi Icy White 160g","CLOSE"
"Vaseline Healthy White Sun + Pollution Protection Spf24 100Ml","VASELINE"
"Wall's Ice Cream Magnum Classic 80mL","WALL'S"
"Wall's Ice Cream Magnum Almond 80mL","WALL'S"
"Vaseline Body Lotion Healthy Bright Uv Extra Bright 400Ml","VASELINE"
"Citra Pelembab Wajah Hazeline Pearly White Uv Cream 40g","CITRA"
"Wall's Ice Cream Paddle Pop Rainbow Power 50mL","WALL'S"
"Pepsodent Pasta Gigi Sensitive Expert Original 100G","PEPSODENT"
"Pepsodent Sikat Gigi Double Care Sensitive Mp3 Soft","PEPSODENT"
"Lifebuoy Body Wash Total 10 Pump Red 500Ml","LIFEBUOY"
"Lifebuoy Sabun Mandi Cair Pump White 500Ml","LIFEBUOY"
"Rinso Deterjen Liquid + Molto Refill Rose Fresh 700Ml","RINSO"
"Glow & Lovely Multivitamin Cream 46g","GLOW"
"Glow & Lovely Multivitamin Cream 23g","GLOW"
"Lifebuoy Sabun Mandi Cair Blue Cool Fresh 400Ml","LIFEBUOY"
"Vaseline Lotion Healthy White Perfect 10 200Ml","VASELINE"
"Pepsodent Pasta Gigi Fresh Cool Mint 190G","PEPSODENT"
"Blue Band Margarine Cake & Cookie 200G","BLUE"
"Pepsodent Action 123 Pasta Gigi Original 190G","PEPSODENT"
"Lifebuoy Sabun Mandi Cair Lemon Fresh 400Ml","LIFEBUOY"
"Lifebuoy Body Wash Lemon Fresh 100Ml","LIFEBUOY"
"Blue Band Margarine Cake & Cookies 1kg","BLUE"
"Vaseline Body Lotion Healthy White Perfect 10 400ML","VASELINE"
"Wall's Ice Cream Mini Cornetto Disc Tramisu & Dark Chocolate 12X28ml","WALL'S"
"Pepsodent Pasta Gigi Sensitive Expert Whitening 100G","PEPSODENT"
"Dove Deeply Nourishing Body Wash Refill 400mL","DOVE"
"Sariwangi Teh Celup Sari Murni 25X1.6G","SARIWANGI"
"Bango Kecap Manis Refill 1.525Kg","BANGO"
"Wall's Ice Cream Selection Oreo Cookies & Cream 410mL","WALL'S"
"Pond's Men White Boost Face Scrub 100G","POND'S"
"Pond's Men Acne Clear Oil Control Face Wash 100G","POND'S"
"Pepsodent Sensitive Expert Pasta Gigi Fresh 100G","PEPSODENT"
"Pepsodent Pasta Gigi White 225G","PEPSODENT"
"Sunlight Pencuci Piring Lime 400mL","SUNLIGHT"
"Dove Deodorant Roll On Ultimate Repair 40mL","DOVE"
"Lux Sabun Cair Pink Soft Touch Refill 400Ml","LUX"
"Lux Sabun Mandi Cair Refill Magical Orchid 400mL","LUX"
"Lux Sabun Cair Pink Soft Touch Pump 580Ml","LUX"
"Vaseline Men Face Wash Healthy White 100G","VASELINE"
"Blue Band Margarine Master 2Kg","BLUE"
"Axe Deodorant Bodyspray Gold Temptation 135mL","AXE"
"Wall's Ice Cream Neopolitana Extra Creamy 350Ml","WALL'S"
"Rinso Deterjen Liquid Front Load 1.6L","RINSO"
"Rinso Deterjen Cair Molto Perfume Essence 510mL","RINSO"
"Wall's Ice Cream Neopolitan Extra Creamy 700Ml","WALL'S"
"Axe Deodorant Bodyspray Black 135mL","AXE"
"Wall's Ice Cream Paddle Pop Monkey Banana Boat 42Ml","WALL'S"
"Wall's Ice Cream Magnum White Almond 80Ml","WALL'S"
"Lifebuoy,Sabun Mandi Multipack Total 10 4X110g Bdd","LIFEBUOY,SABUN"
"Rexona Deodorant Roll On Men Ice Cool 45Ml","REXONA"
"Rexona Deodorant Roll On Men Invisible Dry 45Ml","REXONA"
"Rexona Deodorant Roll On Men Ultra Recharge 45Ml","REXONA"
"Rexona Deodorant Roll On Women Advaced Brightening 45Ml","REXONA"
"Rexona Deodorant Free Spirit 50Ml","REXONA"
"Rexona Deodorant Roll On Women Invisible Dry 50Ml","REXONA"
"Rexona Deodorant Roll On Women Shower Clean 50Ml","REXONA"
"Rexona Deodorant Roll On Women Power Dry 50Ml","REXONA"
"Buavita Guava 1L","BUAVITA"
"Buavita Juice Mango 1000Ml","BUAVITA"
"Ponds Pembersih Wajah Facial Foam Pure Bright/Charcoal 100g","PONDS"
"Ponds Pembersih Wajah Charcoal 50G","PONDS"
"Ponds Pembersih Wajah Clear Solution/Pore Clear 100G","PONDS"
"Ponds Pembersih Wajah Bright Beauty Niasorcinol 50G","PONDS"
"Ponds Pembersih Wajah Bright Beauty Niasorcinol 100G","PONDS"
"Sunsilk Shampoo Co-Creations Black Shine 70mL","SUNSILK"
"Sunsilk Shampoo Black Shine 160mL","SUNSILK"
"Sunsilk Shampoo Black Shine 320mL","SUNSILK"
"Sunsilk Shampoo Soft & Smooth 160mL","SUNSILK"
"Sunsilk Shampoo Soft & Smooth 320mL","SUNSILK"
"Sunsilk Konditioner Black Shine 160mL","SUNSILK"
"Sunsilk Konditioner Co-Creations Soft & Smooth 160mL","SUNSILK"
"Sunsilk Shampoo Hijab Refresh 160mL","SUNSILK"
"Glow & Lovely Multivitamin Facial Foam 100g","GLOW"
"Lifebuoy Sabun Mandi Ts (46094) Mild Care 110G","LIFEBUOY"
"Lifebuoy Sabun Mandi Ts (46093) Total 10 110G","LIFEBUOY"
"Lifebuoy Sabun Mandi Ts Multipack 05966 Mild Care 4X60g","LIFEBUOY"
"Lifebuoy Sabun Mandi Ts Multipack 06105 Total 10 4X60g","LIFEBUOY"
"Glow & Lovely Multivitamin Facial Foam 50g","GLOW"
"Ponds Pelembab Wajah Day Cream Normal Skin Niasorcinol 20G","PONDS"
"Royco Bumbu Dasar Ayam Kuning 600g","ROYCO"
"Rinso Deterjen Powder + Molto Rose Fresh 650G","RINSO"
"Rinso Deterjen Powder + Molto Rose Fresh 1.6Kg","RINSO"
"Wall's Ice Cream Cornetto Disc Oreo 110Ml","WALL'S"
"Zwitsal Baby Bath Natural 2 In 1 Hair & Body 300Ml","ZWITSAL"
"Ponds Pelembab Wajah Age Miracle Hexyl-Retinol Day Cream 10G","PONDS"
"Ponds Pelembap Wajah Age Miracle Hexyl-Retinol Night Cream 10G","PONDS"
"Sariwangi Teh Melati 25 Teh Celup","SARIWANGI"
"Lifebuoy Sabun Mandi Ts Lemon Fresh 4X110g","LIFEBUOY"
"Zwitsal Baby Bath Natural Milky Honey 400mL","ZWITSAL"
"Pepsodent Sikat Gigi Silver Charcoal Soft","PEPSODENT"
"Sunsilk Shampoo Hijab Refresh 320Ml","SUNSILK"
"Buavita Guava 500Ml","BUAVITA"
"Vaseline Petroleum Repairing Jelly Original 50Ml","VASELINE"
"Pond's Men White Boost Face Scrub 50G","POND'S"
"Lifebuoy Sabun Mandi Cair Refill Total10 825mL","LIFEBUOY"
"Royco Bumbu Kaldu Ayam 220G","ROYCO"
"Royco Bumbu Kaldu Sapi 220G","ROYCO"
"Rinso Deterjen Powder + Molto Perfume Essence 650g","RINSO"
"Lux Sabun Mandi Batang Pink Soft Rose 3X110g","LUX"
"Lux Sabun Mandi Batang White Velvet Jasmine 3X110g","LUX"
"Wall's Ice Cream Cornetto Junior Black & White 80mL","WALL'S"
"Glow & Lovely 2 In 1 Powder Cream 20G","GLOW"
"Sunlight Pencuci Piring Higienis Habbatussauda 650mL","SUNLIGHT"
"Citra Sakura Fair Uv Powder Cream 40G","CITRA"
"Rexona Deo Roll On Men Motionsense Invisible+Antibacterial 45Ml","REXONA"
"Lifebuoy Sabun Mandi Cair Refill Lemon Fresh 825mL","LIFEBUOY"
"Pond's Age Miracle Day Cream 20G","POND'S"
"Pepsodent Pasta Gigi White Prm Valuepack 2X190g","PEPSODENT"
"Royco Bumbu Pelezat Serbaguna Ayam 460g","ROYCO"
"Close Up Pasta Gigi White Attraction 100g","CLOSE"
"Lifebuoy Sabun Mandi Lemon Fresh 4X60g","LIFEBUOY"
"Wipol Karbol Sereh & Jeruk 750Ml","WIPOL"
"Sunlight Pencuci Piring Mint Anti Bau 650mL","SUNLIGHT"
"Lifebuoy Sabun Mandi Lemon Fresh 110G","LIFEBUOY"
"Pond's Men Lightning Oil Clear Sabun Muka 100G","POND'S"
"Citra Body Lotion Bengkoang Natural Glow Uv 110Ml","CITRA"
"Citra Body Lotion Natural Glowing White Uv 230mL","CITRA"
"Citra Body Lotion Pearly White Uv (New) 120Ml","CITRA"
"Citra Body Lotion Pearly White Uv 210mL","CITRA"
"Pepsodent Pasta Gigi Kids Strawberry 45G","PEPSODENT"
"Jawara Saus Sambal Extra Hot 120mL","JAWARA"
"Jawara Saus Sambal Hot 120Ml","JAWARA"
"Tresemme Keratin Smooth Shampoo 170Ml","TRESEMME"
"Tresemme Shampoo Hair Fall Control 170Ml","TRESEMME"
"Tresemme Scalp Care Shampoo 170Ml","TRESEMME"
"Citra Sabun Mandi Pencerah Kulit Pearl 70g","CITRA"
"Clear Shampoo Anti Dandruff Fresh Apple 160mL","CLEAR"
"Clear Men Shampoo Anti Dandruff Cool Sport Menthol Fresh Active 160mL","CLEAR"
"Clear Shampoo Anti Dandruff Complete Soft Care 320mL","CLEAR"
"Clear Shampoo Anti Dandruff Ice Cool Menthol 300mL","CLEAR"
"Clear Shampoo Anti Dandruff Menthol Segar 70mL","CLEAR"
"Clear Shampoo Anti Dandruff Ice Cool Menthol Fresh 160mL","CLEAR"
"Clear Shampoo Anti Dandruff Complete Soft Care 160mL","CLEAR"
"Rexona Roll-On Glowing White 40Ml","REXONA"
"Tresemme Kondisioner Keratin Smooth New 170Ml","TRESEMME"
"Pepsodent Pasta Gigi Action 123 Charcoal 160G","PEPSODENT"
"Rexona Deodorant Roll On Women Dreamy Bright 40mL","REXONA"
"Wall's Ice Cream Paddle Pop Choco Lava 50mL","WALL'S"
"Rinso Molto Deterjen Cair Royal Gold 510mL","RINSO"
"Rinso Deterjen Powder + Molto Perfume Essence 1.8Kg","RINSO"
"Vaseline Body Lotion Healthy White Fresh & Fair 200Ml","VASELINE"
"Royco Sup Krim Kepiting & Jagung 44G","ROYCO"
"Clear Shampoo Anti Dandruff Fresh Cool Lemon 160mL","CLEAR"
"Wall's Ice Cream Cornetto Disc Silver Queen 108Ml","WALL'S"
"Wall's Ice Cream Feast Double Chocolate 75Ml","WALL'S"
"Pepsodent Travel Kit","PEPSODENT"
"Citra Fresh Glow Multifunction Gel Aloe Vera 180mL","CITRA"
"Rexona Deo Dry Serum Natural Brightening Fresh Sakura 50Ml","REXONA"
"Royco Bumbu Siap Pakai Ayam Saus Telur Asin 22G","ROYCO"
"Wall's Ice Cream Solero Fruit Mangga 65mL","WALL'S"
"St.Ives Radiant Skin Scrub Pink Lemon & Mandarin Orange 170g","ST.IVES"
"Vaseline Lip Therapy Original 7G","VASELINE"
"Vaseline Lip Therapy Creme Brulee 7G","VASELINE"
"Sunsilk Shampoo Co-Creations Black Shine 680mL","SUNSILK"
"Pond's Vitamin Micellar Water Brghtening Rose 100Ml","POND'S"
"Rinso Deterjen Liquid + Molto Perfume Essence 1.65L","RINSO"
"Wall's Ice Cream Cornetto Junior Strawberry & Vanilla 80mL","WALL'S"
"Wall's Ice Cream Magnum Double Choco 95mL","WALL'S"
"Pepsodent Pasta Gigi Complete Siwak 150+25G","PEPSODENT"
"Zwitsal Kids Shampoo Blue Clean & Fresh 180Ml","ZWITSAL"
"Zwitsal Kids Shampoo Pink Soft & Moisture 180Ml","ZWITSAL"
"Ponds White Beauty Serum Burst Cream 20G","PONDS"
"Glow & Lovely Masker Serum 20g","GLOW"
"Sariwangi Teh Celup Asli 30X1.85G","SARIWANGI"
"Vaseline Healthy Bright Soft+Glow Gluta Vitamin Serum Spf20 180mL","VASELINE"
"Ponds Vitamin Micellar Water Brghtening Rose 55Ml","PONDS"
"Lifebuoy Antibacterial Handwash Total 10 200Ml","LIFEBUOY"
"Vaseline Lip Therapy Rosy Lips 4.8G","VASELINE"
"Ponds Pembersih Wajah Anti Bacterial 100G","PONDS"
"Rinso Molto Detergent Cair Japanese Peach 510mL","RINSO"
"Wall's Ice Cream Paddle Pop Mochi Choco Vanilla 45Ml","WALL'S"
"Lifebuoy Sabun Mandi Cair Refill Yoghurt Care 400mL","LIFEBUOY"
"Axe Body Spray Deodorant Ice Chill 135mL","AXE"
"Zwitsal Kids Bubble Bath Clean & Fresh 280Ml","ZWITSAL"
"Vaseline Repairing Jelly Aloe 50Ml","VASELINE"
"Molto Pewangi Pakaian Sport Fresh Purple 780Ml","MOLTO"
"Pepsodent Kids Patrick Pasta + Sikat Gigi Strawberry 45G","PEPSODENT"
"Bango Kecap Manis Less Sugar 520mL","BANGO"
"Wall's Ice Cream Paddle Pop Twister Mermaid 55Ml","WALL'S"
"Royco Bumbu Kaldu Jamur 40G","ROYCO"
"Vaseline Lip Therapy Rosy Lips 7g","VASELINE"
"Pepsodent Pasta Gigi Multi Protection Complete 8 150G","PEPSODENT"
"Jawara Cabai Tabur Jambal 30g","JAWARA"
"Jawara Cabai Tabur Bawang Goreng 35g","JAWARA"
"Zwitsal Eau De Toilette 100mL","ZWITSAL"
"Dove Serum Shampoo Total Hair Fall 680mL","DOVE"
"Clear Men Shampoo 3 In 1 Active Clean 160Ml","CLEAR"
"Pond's Men Pembersih Foam + Scrub Pore Vacuum 90G","POND'S"
"Glow & Lovely Bright C Glow Facial Foam Vitamin C 100g","GLOW"
"Royco Bumbu Pelezat Serbaguna Sapi 6X9g","ROYCO"
"Royco Bumbu Pelezat Serbaguna Ayam 6X9g","ROYCO"
"Lux Body Wash Botanicals Soft Skin Soft Rose 825mL","LUX"
"Zwitsal Baby Bath Hair & Body Antibacterial 400mL","ZWITSAL"
"Rexona Deo Roll On Men Motionsense Lime Cool 45Ml","REXONA"
"Wall's Ice Cream Cornetto Brown Sugar Boba 135Ml","WALL'S"
"Sunlight Pencuci Piring Lime 910mL","SUNLIGHT"
"Sunlight Pencuci Piring Lime 420mL","SUNLIGHT"
"Ponds Bright Beauty/Miracle Whip Collagen 100G","PONDS"
"Sunsilk Vitamin Hair Mist 3 In 1 40Ml","SUNSILK"
"Rinso Deterjen Powder + Molto Rose Fresh 400g","RINSO"
"Ponds Age Miracle Serum Mask Advanced Youth 25G","PONDS"
"Ponds Vitamin Duo Sheet Mask Vitamin B6 + Tomato 20G","PONDS"
"Dove Serum Shampoo Anti Ketombe 135mL","DOVE"
"Dove Serum Shampoo Perawatan Rambut Rusak 135mL","DOVE"
"Dove Serum Shampoo Perawatan Rambut Rontok 135mL","DOVE"
"Dove Serum Shampoo Perawatan Rambut Rontok 290mL","DOVE"
"Wall's Ice Cream Paddle Pop Minions Vanilla Caramel 90Ml","WALL'S"
"Ponds Bright Beauty Power Serum 7.5G","PONDS"
"Lifebuoy Sabun Mandi Cair Refill Japanese Shiso & Mineral Clay 400mL","LIFEBUOY"
"Buavita Juice Orange 1000Ml","BUAVITA"
"Wall's Ice Cookies N Cream Oreo Vanila 90Ml","WALL'S"
"Zwitsal Face & Body Care Cream 50G","ZWITSAL"
"Bango Kecap Manis Refill 735mL","BANGO"
"Molto Pelicin &Pewangi Pakaian Trika Flower Shower 400Ml","MOLTO"
"Molto Pelicin &Pewangi Pakaian Trika Floral Bliss 400Ml","MOLTO"
"Vaseline Hijab Radiant Gluta Vitamin Cooling Serum 180mL","VASELINE"
"Wall's Ice Cream Mini Cornetto Oreo 12X28ml","WALL'S"
"Pepsodent Pasta Gigi White 120+30G","PEPSODENT"
"Pepsodent Sikat Gigi Siwak 2'S Soft","PEPSODENT"
"Pepsodent Sikat Gigi Expert Clean 3'S Soft","PEPSODENT"
"Pepsodent Sikat Gigi Brilian 3'S Soft","PEPSODENT"
"Wall's Ice Cream Paddle Pop Mochi Strawberry Vanilla 45Ml","WALL'S"
"Wall's Ice Cream Blast Choco Cheese 70Ml","WALL'S"
"Ponds Triple Glow Serum Mask 20G","PONDS"
"Glow & Lovely Vitamin C Masker Serum 20G","GLOW"
"Dove Hijab Shampoo Perawatan Rambut Rontok 135mL","DOVE"
"Ponds Facial Foam Berry Glow 90G","PONDS"
"Pepsodent Pasta Gigi Herbal 75+25G","PEPSODENT"
"Pepsodent Pasta Gigi Herbal 120+30G","PEPSODENT"
"Clear Shampoo Anti Dandruff Menthol Segar 400mL","CLEAR"
"Ponds Pure Bright/Miracle Whip Collagen 100G","PONDS"
"Wall's Ice Cream Upin & Ipin 60mL","WALL'S"
"Royco Bumbu Kaldu Ayam Spesial 40G","ROYCO"
"Rinso Deterjen Powder + Molto Perfume Essence 400g","RINSO"
"Super Pell Pembersih Lantai Anti-Bac Citrus 500mL","SUPER"
"Lux Body Wash Hijab Zaitun & Madu 400mL","LUX"
"Ponds Age Miracle Serum Ultimate Youth 7g","PONDS"
"Dove Super Conditioner Intensive Hair Fall Treat 170mL","DOVE"
"Pepsodent Pasta Gigi Halal Siwak & Habbatussauda 150+40g","PEPSODENT"
"Rinso Deterjen Liquid + Molto Korean Strawberry 510mL","RINSO"
"Molto Pelembut & Pewangi Pakaian Korean Strawberry 650mL","MOLTO"
"Zwitsal Kids Hair Lotion Spray Green Natural & Nourish 100mL","ZWITSAL"
"Rinso Detergen Powder Anti Noda + Molto Korean Strawberry 650g","RINSO"
"Rinso Deterjen Liquid + Molto Refill Rose Fresh 1.45L","RINSO"
"Zwitsal Baby Bath Hair & Body Antibacterial 200mL","ZWITSAL"
"Zwitsal Baby Hair Lotion Natural Sweet Almond & Vit E 100mL","ZWITSAL"
"Royco Saus Tiram 135mL","ROYCO"
"Wall's Ice Cream Paddle Pop Milkie 56mL","WALL'S"
"Clear Shampoo Anti Ketombe Complete Soft Care Tiny Tan 160mL","CLEAR"
"Rexona Deo Roll On Hijab Women Peach & Mint Cool 45mL","REXONA"
"Wall's Ice Cream Magnum Cookies & Cream 80mL","WALL'S"
"Wall's Ice Cream Cornetto Rose Strawberry Cheesecake 131mL","WALL'S"
"Wall's Ice Cream Feast Pop Vanilla & Caramel 64mL","WALL'S"
"Wall's Ice Cream Selection Silverqueen 410mL","WALL'S"
"Close Up Pasta Gigi Fresh Multivitamin 160g","CLOSE"
"Dove Micellar Shampoo Hair Boost 430mL","DOVE"
"Dove Micellar Shampoo Deep Cleanse 430mL","DOVE"
"Lifebuoy Shampoo Anti Ketombe Refresh N Cool 155mL","LIFEBUOY"
"Wall's Carte D'or Chocolate","WALL'S"
"Wall's Carte D'or Strawberry","WALL'S"
"Wall's Ice Cream Magnum Mini Mix 6X45mL","WALL'S"
"Glow & Lovely Ultimate UV Duo Vitamin C SPF 35 Pa+++ 20g","GLOW"
"Molto Pelembut & Pewangi Pakaian Casablanca Lily 650mL","MOLTO"
"Molto Pelembut & Pewangi Pakaian Himalayan Honeysuckle 650mL","MOLTO"
"Sunlight Sabun Cuci Piring Dishwash Jeruk Nipis 10X Bersihkan Lemak Lebih Cepat [650mL]","SUNLIGHT"
"Dove Deeply Nourishing Body Wash [Refill/400ml]","DOVE"
"Lifebuoy Lemon Fresh Refill Body Wash [400mL]","LIFEBUOY"
"Sunlight Sabun Cuci Piring Dishwash Jeruk Nipis 10X Bersihkan Lemak Lebih Cepat [1500 mL]","SUNLIGHT"
"Dove Deeply Nourish Body Wash Banded 400 mL[2 Pcs]","DOVE"
"Lifebuoy Total 10 Sabun Batang 100 g [4 Pcs]","LIFEBUOY"
"Vaseline Healthy Brightâ€‹ Gluta-Hyaluron Serum Burst Flawless Bright UV Lotion [330 mL]","VASELINE"
"Vaseline Healthy Bright Daily Sun Refreshing Serum SPF 50 PA++++ 170 mL","VASELINE"
"Vaseline Healthy Brightâ€‹ Gluta Hyaluron & Peptide Serum Overnight Repair Body Lotion 200 mL","VASELINE"
"Vaseline Healthy Brightâ€‹ Gluta-Hyaluron Serum Burst Dewy Radiance Lotion [330 mL]","VASELINE"
"Dove Deeply Nourishing Body Wash [1000 mL/ Kemasan Pump]","DOVE"
"Rexona Men Ice Cool Roll-On Deodorant [45 mL]","REXONA MEN"
"CLEAR Anti Ketombe Anti Dandruff Ice Cool Menthol Shampoo 1200mL","CLEAR"
"Dove 3 in 1 Super Shampoo Serum [125 mL] -","DOVE"
"Zwitsal Kids Bubble Bath Blue Clean & Fresh Sabun Anak - 250mL","ZWITSAL"
"Zwitsal Baby Bottle Cleaner Pembersih Botol Bayi 425 mL","ZWITSAL"
"Buavita Jus Buah Asli Korean White Peach Minuman Kolagen Kaya Vitamin C [245 mL]","BUAVITA"
"Rinso Anti Noda Classic Fresh Liquid Detergent Pouch 700 mL","RINSO"
"Rinso Deterjen Bubuk Detergent Rose Fresh Anti Bau & Apek + Proteksi Higienis [1.8 Kg]","RINSO"
"Rinso Detergen Cair Konsentrat Rose Fresh Anti Bau & Apek + Proteksi Higienis 700 mL","RINSO"
"Buavita Mini Juice Jeruk 125 mL","BUAVITA"
"Lux Botanicals Soft Rose Body Wash Pouch 825 mL Twin Pack [2 Pcs]","LUX"
"Lux Sabun Cair Sakura Bloom Refill 825 mL Twinpack [2 Pcs]","LUX"
"Lux Sabun Cair White Velvet Touch Refill 825 mL Twinpack [2 Pcs]","LUX"
"Royco Bumbu Kaldu Penyedap Rasa Ayam 220 g","ROYCO"
"Zwitsal Kids Bubble Bath Blue Clean & Fresh Sabun Anak 250 mL","ZWITSAL"
"Zwitsal Natural Essential Gift Set [Random]","ZWITSAL"
"Zwitsal Kids 2 in 1 Green Natural & Nourishing 250 mL","ZWITSAL"
"Zwitsal Eau De Toilette Body Mist [100 mL]","ZWITSAL"
"Pepsodent Kids Extra Soft Sikat Gigi Anak Random","PEPSODENT"
"Zwitsal EDT Eau De Toilette Body Mist [100mL/Twinpack]","ZWITSAL"
"Zwitsal Baby Bath Natural Milk and Honey [300 mL/ Twinpack]","ZWITSAL"
"Zwitsal Natural Baby Bath 2-in-1 Hair & Body [300 mL/Twinpack]","ZWITSAL"
"Zwitsal Baby Natural Gift Box Set - Kado Bayi [Random] + Free - Zwitsal Baby Wipes Aloe 40s [Buy 1 Get 1 ] / Twinpack","ZWITSAL"
"Sunlight Sabun Cuci Piring Dishwash Jeruk Nipis 10X Bersihkan Lemak Lebih Cepat 650 mL [2 Pcs]","SUNLIGHT"
"MOLTO - Pelembut & Pewangi Pakaian REFILL 1600ml | Pewangi Baju Molto","MOLTO"
"BUAVITA JAMBU 245 ML","BUAVITA"
"Rinso Molto Deterjen Anti Noda Bubuk Pewangi Perfume Essence 1.8Kg - Detergen Pewangi, Detergen Bubuk","RINSO"
"Zwitsal Minyak Telon With Cajuput Dan Coconut Oil - Telon Anak","ZWITSAL"
"CLEAR Complete Soft Care Scalp Shampoo 300Ml - Scalp Care","CLEAR"
"Royco Saus Tiram Botol 275Ml","ROYCO"
"Rinso Molto Deterjen Anti Noda Detergen Bubuk Pewangi Classic Fresh 1.8Kg-Detergen Pewangi, Detergen Bubuk","RINSO"
"Close Up Pasta Gigi Segar Green Gel Gaga 160G - Tooth Paste, Penyegar Mulut Menthol","CLOSE"
"Pepsodent Plus Pasta Gigi Whitening Toothpaste 190G
","PEPSODENT"
"ROYCO SAUS TIRAM 275ML","ROYCO"
"Buavita Orange [1000 mL]","BUAVITA"
"Buavita Apel [1000 mL]","BUAVITA"
"Buavita Jambu [1000 mL]","BUAVITA"
"Buavita Mangga [500 mL]","BUAVITA"
"Buavita Mini Juice Jambu 125 mL","BUAVITA"
"Buavita Mini Juice Apel 125 mL","BUAVITA"
"Sariwangi Teh Hitam Asli 1.85 g - 30 Pcs","SARIWANGI"
"SARIWANGI 68143146 Teh Melati Celup [1.8 g/ 25 pcs]","SARIWANGI"
"SARI MURNI 68143150 Teh Kantong Bundar 1.8 g - 20 Pcs","SARI"
"SARIWANGI 68143152 Teh Hijau Celup [1.85 g/  25 pcs]","SARIWANGI"
"Sari Murni 68143155 Teh Celup 1.6 g - 25 Pcs","SARI"
"Sariwangi 68143147 Teh Asli Celup 1.85 g - 4 Pcs","SARIWANGI"
"Buavita Orange [245 mL]","BUAVITA"
"Buavita Apple [500 mL]","BUAVITA"
"Buavita Guava [500 mL]","BUAVITA"
"Buavita Manggo 245 mL","BUAVITA"
"Buavita Apple 245 mL","BUAVITA"
"SARIWANGI Teh Hitam Jahe Kunyit Teh Sachet [25 pcs/ 1.5 g]","SARIWANGI"
"SARIWANGI Teh Mawar Teh Sachet [25 pcs/ 1.8 g]","SARIWANGI"
"[BELI 2 GRATI 1 ] SARIWANGI Teh Mawar Teh Sachet [25 pcs/ 1.8 g]","[BELI"
"[BELI 2 GRATI 1 ] SARIWANGI 68143152 Teh Hijau Celup [1.85 g/  25 pcs]","[BELI"
"Buavita Mini Juice Jeruk Kartonan [125 mL x 40 Pcs]","BUAVITA"
"Buavita Mini Juice Jambu [125 mL x 40 Pcs]","BUAVITA"
"Buavita Mini Juice Apel [125 mL x 40 Pcs]","BUAVITA"
"[BELI 3 GRATIS 1] Buavita Jus Buah Asli Korean White Peach Minuman Kolagen Kaya Vitamin C 245 mL","[BELI"
"Beli Buavita Mangga 500 mL dan Buavita Guava 500 mL Gratis Buavita Apple 245 mL","BELI"
"Paket Bundling Buavita dan Sariwangi Gratis Buavita Apel 500mL","PAKET"
"Paket Bundling Sariwangi Gratis Sarimurni Teh Kantong Bundar 1.8 g - 20 Pcs","PAKET"
"WHS - Buavita Lychee [245 mL]","WHS"
"Beli 2 Buavita Guava 1000ml Gratis  Buavita Guava 500ml","BELI"
"Bango 20066269 Kecap Manis Botol 275 mL","BANGO"
"Bango 68582213 Kecap Manis 210 mL","BANGO"
"ROYCO Bumbu Kaldu Penyedap Rasa Sapi 220 g","ROYCO"
"Bango 62010012 Kecap Manis Botol 135 mL","BANGO"
"Bango Kecap Manis Refill 520 mL ","BANGO"
"Bango Kecap Manis 67757643 Kemasan Pouch 520 mL [2 Pcs] ","BANGO"
"Bango Kecap Manis Flatpack 210 mL [3 Pcs]","BANGO"
"ROYCO Bumbu Kaldu Ayam 67229103 Multi Pack 220 g [2 Pcs]","ROYCO"
"Royco Saus Tiram [135 ml]","ROYCO"
"Royco Saus Tiram [275 ml]","ROYCO"
"Bango Kecap Manis Kemasan Pouch 735 mL [2 Pcs]","BANGO"
"Beli 3 Royco Ayam 220 Free Lock n Lock","BELI"
"Bango Kecap Manis [210 mL/ 24 pcs/ 1 Karton]","BANGO"
"ROYCO Bumbu Kaldu Penyedap Rasa Ayam [220 g/ 24 pcs/ 1 karton]","ROYCO"
"ROYCO Bumbu Kaldu Penyedap Rasa Sapi [220 g/ 24 pcs/ 1 Karton]","ROYCO"
"PROMO - BELI 2 BANGO KECAP MANIS 520ML FREE ROYCO JAMUR 170G","PROMO"
"Buy 2 Get 1 Free ROYCO Bumbu Kaldu Penyedap Rasa Sapi 220 g","BUY"
"Wipol Pembersih Lantai Cairan Disinfektan Teruji Dermatologis Karbol Cemara 750 mL
","WIPOL"
"Sunlight Sabun Cuci Piring Cair Refill Jeruk Nipis 650 mL","SUNLIGHT"
"Rinso Molto Detergent Cair Deterjen Anti Noda Rose Fresh 700 mL
","RINSO"
"Rinso Molto Detergent Cair Deterjen Anti Noda Classic Fresh 700 mL
","RINSO"
"Rinso Molto Detergent Bubuk Deterjen Anti Noda Rose Fresh 1.8 Kg
","RINSO"
"Molto Pewangi Pakaian Soft & Fresh 7x Kesegaran & Anti Bau 1.7 L","MOLTO"
"Molto Pelembut & Pewangi Pakaian Bayi Softener Konsentrat Pure Soft & Gentle 1.6 L","MOLTO"
"Rinso Detergent Bubuk Konsentrat Deterjen Matic Mesin Cuci Bukaan Depan 900 g","RINSO"
"Rinso Molto Detergent Cair Deterjen Anti Noda Royal Gold 700 mL
","RINSO"
"Molto Pewangi Pakaian Active Fresh 7x Kesegaran & Anti Bau 1.7 L","MOLTO"
"Molto Pelembut & Pewangi Pakaian Softener Konsentrat Parfum + Protect Morning Fresh 1.6 L","MOLTO"
"Wipol Karbol Cemara Cairan Pembersih Lantai Botol [450 mL]","WIPOL"
"Rinso Molto Detergen Cair Perfume Essence [200 mL]","RINSO"
"Rinso Molto Detergent Cair Deterjen Anti Noda Perfume Essence 1.65 L
","RINSO"
"Molto Cairan Pewangi Baju Pelembut Baju Japanese Peach Fresh [720 mL]","MOLTO"
"Rinso Molto Detergent Cair Deterjen Anti Noda Rose Fresh 1.65 L
","RINSO"
"Molto Pewangi Pakaian Sport Fresh 7x Kesegaran & Anti Bau 1.7 L","MOLTO"
"Rinso Molto Detergen Cair Konsentrat Rose Fresh Anti Bau & Apek Proteksi Higienis [1 L]","RINSO"
"Sunlight Sabun Cuci Piring Cair Refill Jeruk Nipis 1.5 L","SUNLIGHT"
"Molto Pewangi Pakaian Sport Fresh 7x Kesegaran & Anti Bau 1.7 L [2 Pcs]","MOLTO"
"Molto Pelembut & Pewangi Pakaian Bayi Softener Konsentrat Pure Soft & Gentle 1.6 L [2 Pcs]","MOLTO"
"Molto Pewangi Pakaian Soft & Fresh 7x Kesegaran & Anti Bau 1.7 L [2 Pcs]","MOLTO"
"Molto Pewangi Pakaian Active Fresh 7x Kesegaran & Anti Bau 1.7 L [2 Pcs]","MOLTO"
"Molto Pelembut & Pewangi Pakaian Softener Konsentrat Parfum Boost Korean Strawberry 680 mL","MOLTO"
"Molto Pelembut & Pewangi Pakaian Softener Konsentrat Parfum Boost Korean Strawberry 680 mL [2 Pcs]","MOLTO"
"Molto Pelembut & Pewangi Pakaian Bayi Softener Konsentrat Pure Soft & Gentle 1.6 L [3 Pcs]","MOLTO"
"Rinso Molto Detergent Bubuk Deterjen Anti Noda Perfume Essence 1.8 Kg [3 Pcs]
","RINSO"
"Rinso Molto Detergent Bubuk Deterjen Anti Noda Rose Fresh 1.8 Kg [3 Pcs]
","RINSO"
"Sunlight Sabun Cuci Piring Cair Refill Jeruk Nipis 1.5 L [2 Pcs]","SUNLIGHT"
"Sunlight Sabun Cuci Piring Cair Refill Jeruk Nipis 1.5 L [3 Pcs]","SUNLIGHT"
"Rinso Molto Detergent Bubuk Deterjen Anti Noda Classic Fresh 1.8 Kg [3 Pcs]
","RINSO"
"Molto Pewangi Pakaian Sport Fresh 7x Kesegaran & Anti Bau 1.7 L [3 Pcs]","MOLTO"
"Sunlight Sabun Cuci Piring Cair Refill Jeruk Nipis 910 mL","SUNLIGHT"
"Sunlight Sabun Cuci Piring Cair Refill Jeruk Nipis 910 mL [2 Pcs]","SUNLIGHT"
"Sunlight Sabun Cuci Piring Cair Refill Jeruk Nipis 910 mL [3 Pcs]","SUNLIGHT"
"Sunlight Sabun Cuci Piring Cair Refill Jeruk Nipis 650 mL [6 Pcs]","SUNLIGHT"
"Buy 2 Get 1 - Sunlight Sabun Cuci Piring Dishwash Jeruk Nipis [1500 mL] Free Sirup Marjan ","BUY"
"Buy 2 Get 1 - Sunlight Sabun Cuci Piring Dishwash Jeruk Nipis 10X Bersihkan Lemak Lebih Cepat [650mL] Free Sponge Scoth Brite [1 Pcs] ","BUY"
"Rinso Molto Detergent Cair Deterjen Anti Noda Perfume Essence 510 mL [2 Pcs]
","RINSO"
"Rinso Molto Detergent Cair Deterjen Anti Noda Perfume Essence 510 mL [3 Pcs]
","RINSO"
"Buy 3 Get 1 - Rinso Deterjen Bubuk Detergent Rose Fresh [1.8 Kg] Free Rinso Molto Rose Detergen Cair [1 L]","BUY"
"Vixal Pembersih Porselen Kamar Mandi & Kerak Toilet Ekstra Kuat [750 mL] Free Wipol Karbol Sereh & Jeruk [190 mL]","VIXAL"
"Buy 2 Get 1 - Molto Softener Konsentrat Pewangi Pakaian Bayi Pure Dermatologically Tested Pouch [1600 mL] Free Molto Anti Kusut Spray [100 mL] ","BUY"
"Buy 1 Get 2 - Sunlight Sabun Cuci Piring Jeruk Nipis Pouch 910 mL Free Indomie Goreng [2 Pcs]","BUY"
"Buy 1 Get 3 - Rinso Deterjen Bubuk Detergent Rose Fresh Anti Bau & Apek + Proteksi Higienis [1.8 Kg] Free Indomie Goreng [3 Pcs]","BUY"
"Buy 2 Get 1 - Molto Softener Konsentrat Pewangi Pakaian Bayi Pure Dermatologically Tested Pouch [1600 mL] Free Ikea Lunch Box","BUY"
"Buy 2 Get 1 - Wipol Disinfektan Pembersih Lantai Karbol Wangi Cemara 100X Efektif Bunuh Kuman [750 mL/2 Pcs] Free Superpell strawberry [100 mL]","BUY"
"Buy 2 Get 1 - Super Pell Fresh Apple Higienis & Wangi Pembersih Lantai [770 mL] Free Wipol Karbol Sereh & Jeruk [190 mL]","BUY"
"Rinso Molto Detergent Cair Deterjen Anti Noda Perfume Essence 1.65 L [2 Pcs] ","RINSO"
"Rinso Molto Detergent Cair Deterjen Anti Noda Perfume Essence 1.65 L [3 Pcs] ","RINSO"
"Rinso Detergent Bubuk Konsentrat Deterjen Matic Mesin Cuci Bukaan Depan 900 g [2 Pcs]","RINSO"
"Rinso Detergent Bubuk Konsentrat Deterjen Matic Mesin Cuci Bukaan Depan 900 g [3 Pcs]","RINSO"
"Rinso Molto Detergen Cair Perfume Essence [200 mL] isi 2 Pcs","RINSO"
"Rinso Molto Detergen Cair Perfume Essence [200 mL] isi 3 Pcs","RINSO"
"Buy 5 Free Ikea Food Storage - Wipol Disinfektan Pembersih Lantai Karbol Wangi Cemara 100X Efektif Bunuh Kuman 750 mL -","BUY"
"SMG/JOG/SOLO - Royco Saus Tiram [135 ml]","SMG/JOG/SOLO"
"SMG/JOG/SOLO - BANGO Kecap Manis Refill 735ml","SMG/JOG/SOLO"
"SMG/JOG/SOLO - Lifebuoy Refresh & Cool Anti Gatal Anti Dandruff Shampoo 155 mL","SMG/JOG/SOLO"
"SMG/JOG/SOLO - Lifebuoy Refresh & Cool Anti Gatal Anti Dandruff Shampoo 310 mL","SMG/JOG/SOLO"
"Molto Pewangi Pakaian Active Fresh 1,7 L","MOLTO"
"Medan - Lifebuoy Refresh & Cool Anti Gatal Anti Dandruff Shampoo [155 mL]","MEDAN"
"Lifebuoy Sabun Mandi Cair Anti Bacterial Body Wash Lemon Fresh 100% Lebih Kuat Lawan Kuman, Kesegaran 12 Jam [250 mL]","LIFEBUOY"
"Lifebuoy Sabun Mandi Cair Anti Bacterial Body Wash Mild Care 100% Lebih Kuat Lawan Kuman Berbahaya & 10x Moisturizer [500 mL]","LIFEBUOY"
"Lifebuoy Sabun Mandi Cair Anti Bacterial Body Wash Total 10 100% Lebih Kuat Lawan Kuman Berbahaya [250 mL]","LIFEBUOY"
"Lifebuoy Sabun Mandi Cair Anti Bacterial Body Wash Total 10 100% Lebih Kuat Lawan Kuman Berbahaya [500 mL]","LIFEBUOY"
"Dove Deeply Nourishing Body Wash Pump 550ml","DOVE"
"Vaseline Aloe Soothe Melembapkan Kulit Hand and Body Lotion [400 mL]","VASELINE"
"Lifebuoy Sabun Mandi Cair Anti Bacterial Body Wash Mild Care 100% Lebih Kuat Lawan Kuman Berbahaya & 10x Moisturizer [100 mL]","LIFEBUOY"
"Lifebuoy Sabun Mandi Cair Anti Bacterial Body Wash Total 10 100% Lebih Kuat Lawan Kuman Berbahaya [100 mL]","LIFEBUOY"
"AXE Deodorant Bodyspray Dark Temptation [135 mL]","AXE"
"Lifebuoy Total 10 Sabun Batang [4 Pcs/ 100 g]","LIFEBUOY"
"Lifebuoy Sabun Mandi Cair Anti Bacterial Body Wash Lemon Fresh 100% Lebih Kuat Lawan Kuman, Kesegaran 12 Jam [825 mL]","LIFEBUOY"
"Lifebuoy Sabun Mandi Cair Anti Bacterial Body Wash Total 10 100% Lebih Kuat Lawan Kuman Berbahaya [825 mL]","LIFEBUOY"
"Vaseline Firm Glow Gluta Vitamin Youthful Serum AHA Pro-Retinol [180 mL]","VASELINE"
"Dove Deeply Nourishing Kulit Halus Body Wash Refill 825 mL","DOVE"
"Lux Botanicals Magical Orchid with Vitamin C Essence Sabun Mandi Cair Refill 825 mL Twin Pack [2 Pcs]","LUX"
"Dove 3 in 1 Super Shampoo Serum 125 mL","DOVE"
"Lifebuoy Hair Mist Anti Bakteri [60 mL]","LIFEBUOY"
"PEPSODENT Pencegah Gigi Berlubang Pasta Gigi 190 g Value Pack [2 Pcs]","PEPSODENT"
"Lifebuoy Japanese Shiso & Sandalwood Scent Body Wash Refill Pouch 450mL","LIFEBUOY"
"Lifebuoy Japanese Shiso & Sandalwood Scent Body Wash Refill Pouch [825mL]","LIFEBUOY"
"Lifebuoy Japanese Shiso & Mineral Clay Body Wash Refill Pouch 400mL","LIFEBUOY"
"Lifebuoy Japanese Shiso & Mineral Clay Body Wash Refill Pouch [825 mL/Twin Pack]","LIFEBUOY"
"Dove Deeply Nourishing Body Wash Pump [1000mL/Twin Pack]","DOVE"
"Lifebuoy Lemon Fresh Sabun Cair Refill [825 mL] Free Terry Palmer Hand Towel","LIFEBUOY"
"Lifebuoy Refresh & Cool Anti Gatal Anti Dandruff Shampoo [155 mL]","LIFEBUOY"
"Dove Deeply Nourishing Kulit Halus Body Wash Refill [825 mL/Twinpack] Free Handuk Terry Palmer","DOVE"
"Promo - Lifebuoy Refresh & Cool Anti Gatal Anti Dandruff Shampoo [155 mL]","PROMO"
"Dove 3 in 1 Super Shampoo Serum [125 mL x 2pcs] Free Dove Super Conditioner Intense Repair [70 mL]","DOVE"
"Vaseline Aloe Soothe Melembapkan Kulit Hand and Body Lotion [400 mL/Twinpack] Free Vaseline Lip Care Original [10 g]","VASELINE"
"Buy 2 Dove Deeply Nourishing Kulit Halus Body Wash Refill [825 mL] Free Dove Go Fresh Revive Pomegranate Body Wash [400 mL]","BUY"
"Vaseline Healthy Bright Daily Sun Refreshing Serum SPF 50 PA++++ 170 mL [Twinpack]","VASELINE"
"Citra Natural Booster Body Serum Insta-Glow with 20X Niacinamide + Hyaluronic Acid [180 mL]","CITRA"
"Citra Natural Booster Body Serum Complete-Glow with 20X Niacinamide + Hyaluronic Acid [180 mL]","CITRA"
"Citra Natural Booster Body Serum Complete-Glow with 20X Niacinamide + Hyaluronic Acid [100 mL]","CITRA"
"Citra Natural Booster Body Serum Protect Glow SPF 20 PA++ with 20X Niacinamide + Vitamin C & 20X Hyaluronic Acid [180 mL]","CITRA"
"Buy 3 Rexona Men Ice Cool Roll-On Deodorant [45 mL]  Free Rexona Men Roll-on Natural Fresh Lime [45mL]","BUY"
"Buy 2 Pepsodent Pencegah Gigi Berlubang with Mikrokalsium Pasta Gigi Value Pack [225 g/2 pcs] Free Pepsodent Herbal [190 g]","BUY"
"Buy 2 Pepsodent Pencegah Gigi Berlubang with Mikrokalsium Pasta Gigi Value Pack [225 g/2 pcs] Free Pepsodent Complete8 Whitening [190 g]","BUY"
"Buy 3 Pepsodent Pencegah Gigi Berlubang with Mikrokalsium Pasta Gigi Value Pack [225 g/2 pcs] Free Pepsodent Sensitivity Treatment Pasta Gigi [190 g]","BUY"
"Surabaya - Zwitsal Body Mist Eau De Zwitsal Spray 100 mL","SURABAYA"
