id,name,price,originalprice,discountPercentage,detail,platform,category,scrapedate,seller
10000305,Bango Kecap Manis 275mL,23.900,23.900,0,275mL,Indomaret,kecap,2024-01-28,Toko Indomaret
10000451,Close Up Pasta Gigi Gel Green Menthol Fresh 65g,8.200,8.200,0,65g,Indomaret,tooth-paste--treatment,2024-01-28,Toko Indomaret
10003359,Wipol Pembersih Lantai Classic Pine 750Ml,33.700,33.700,0,750Ml,Indomaret,pembersih-lantai-dan-toilet,2024-01-28,Toko Indomaret
10003569,Close Up Pasta Gigi Gel Green Ever Fresh 160G,21.700,21.700,0,160G,Indomaret,tooth-paste--treatment,2024-01-28,Toko Indomaret
10004032,Vixal Pembersih Porselin Green 750mL,19.300,19.300,0,750mL,Indomaret,pembersih-lantai-dan-toilet,2024-01-28,Toko Indomaret
10004034,Vixal Pembersih Keramik Pors Biru 750mL,19.300,19.300,0,750mL,Indomaret,pembersih-lantai-dan-toilet,2024-01-28,Toko Indomaret
10004048,Pepsodent Pencegah Gigi Berlubang Pasta Gigi 75G,6.000,6.000,0,75G,Indomaret,tooth-paste--treatment,2024-01-28,Toko Indomaret
10004714,Pepsodent Pencegah Gigi Berlubang Pasta Gigi 120G,10.800,10.800,0,120G,Indomaret,tooth-paste--treatment,2024-01-28,Toko Indomaret
10005038,Wall's Ice Cream Populaire Chocolate-Vanila 90Ml,5.200,5.200,0,90Ml,Indomaret,es-krim,2024-01-28,Toko Indomaret
10005039,Wall's Ice Cream Populaire Strawbery-Vanila 90Ml,5.200,5.200,0,90Ml,Indomaret,es-krim,2024-01-28,Toko Indomaret
10005073,Blue Band Margarine Serbaguna 200G,10.200,10.200,0,200G,Indomaret,mentega--margarin,2024-01-28,Toko Indomaret
10005482,Sunlight Pencuci Piring Jeruk Nipis 650mL,14.900,14.900,0,650mL,Indomaret,sabun-cuci-piring,2024-01-28,Toko Indomaret
10005820,Royco Bumbu Kaldu Ayam 100G,5.900,5.900,0,100G,Indomaret,garam-bumbu,2024-01-28,Toko Indomaret
10005821,Royco Bumbu Kaldu Daging Sapi 94G,5.900,5.900,0,94G,Indomaret,garam-bumbu,2024-01-28,Toko Indomaret
10007970,Buavita Jus Buah Jambu 245mL,8.700,8.700,0,245mL,Indomaret,jus,2024-01-28,Toko Indomaret
10007971,Buavita Orange 250Ml,8.700,8.700,0,250Ml,Indomaret,jus,2024-01-28,Toko Indomaret
10007972,Buavita Juice Slim Apple 245mL,8.700,8.700,0,245mL,Indomaret,jus,2024-01-28,Toko Indomaret
10007973,Buavita Jus Buah Asli Mangga 245mL,8.700,8.700,0,245mL,Indomaret,jus,2024-01-28,Toko Indomaret
10007974,Buavita Juice Slim Lychee 245mL,8.700,8.700,0,245mL,Indomaret,jus,2024-01-28,Toko Indomaret
10008819,Bango Kecap Manis 520mL,26.500,26.500,0,520mL,Indomaret,kecap,2024-01-28,Toko Indomaret
10010220,Sariwangi Teh Celup Asli 50X1.9G,13.300,13.300,0,50X1.9G,Indomaret,teh-celup,2024-01-28,Toko Indomaret
10010480,Super Pell Pembersih Lantai Refill Fresh Apple 770Ml,16.700,16.700,0,770Ml,Indomaret,pembersih-lantai-dan-toilet,2024-01-28,Toko Indomaret
10014260,Super Pell Pembersih Lantai Refill Lemon Ginger 770Ml,16.700,16.700,0,770Ml,Indomaret,pembersih-lantai-dan-toilet,2024-01-28,Toko Indomaret
10014263,Wipol Karbol Wangi Cemara 750Ml,21.200,21.200,0,750Ml,Indomaret,pembersih-lantai-dan-toilet,2024-01-28,Toko Indomaret
10017154,Bango Kecap Manis Refill 210mL,12.500,12.500,0,210mL,Indomaret,kecap,2024-01-28,Toko Indomaret
10020784,Bango Kecap Manis 135mL,10.900,10.900,0,135mL,Indomaret,kecap,2024-01-28,Toko Indomaret
10025410,Pepsodent Pasta Gigi Whitening 75G,11.100,11.100,0,75G,Indomaret,tooth-paste--treatment,2024-01-28,Toko Indomaret
10025411,Pepsodent Pasta Gigi Action 123 + Whitening 190g,26.200,26.200,0,190g,Indomaret,tooth-paste--treatment,2024-01-28,Toko Indomaret
10026612,Pepsodent Sikat Gigi Double Care Sensitive Single,17.500,17.500,0,Single,Indomaret,tooth-brush,2024-01-28,Toko Indomaret
10027167,Dove Deodorant Roll On Complete Care Original 40mL,26.900,26.900,0,40mL,Indomaret,deodorant-stick,2024-01-28,Toko Indomaret
10031396,Royco Sup Krim Ayam 58G,9.100,9.100,0,58G,Indomaret,sup-instan,2024-01-28,Toko Indomaret
10033236,Zwitsal Baby Sabun Mandi Cair Natural H&B Aloe Vera 200mL,24.900,24.900,0,200mL,Indomaret,perlengkapan-bayi,2024-01-28,Toko Indomaret
10037208,Close Up Pasta Gigi Deep Action Menthol Fresh 110g,16.900,16.900,0,110g,Indomaret,tooth-paste--treatment,2024-01-28,Toko Indomaret
10037632,Wall's Ice Cream Feast Chocolate 65Ml,6.200,6.200,0,65Ml,Indomaret,es-krim,2024-01-28,Toko Indomaret
10037640,Wall's Ice Cream Feast Vanilla 65Ml,6.200,6.200,0,65Ml,Indomaret,es-krim,2024-01-28,Toko Indomaret
10037787,Zwitsal Baby Cologne Canola Oil Floral Kisses 100mL,26.500,26.500,0,100mL,Indomaret,baby-cologne-oil-lotion-cream,2024-01-28,Toko Indomaret
20001645,Wipol Karbol Wangi Lemon 750Ml,21.200,21.200,0,750Ml,Indomaret,pembersih-lantai-dan-toilet,2024-01-28,Toko Indomaret
20002944,Pepsodent Action 123 Pasta Gigi Herbal 190G,23.500,23.500,0,190G,Indomaret,tooth-paste--treatment,2024-01-28,Toko Indomaret
20005584,Zwitsal Baby Sabun Mandi Cair Natural H&B Aloe Vera 400mL,39.900,39.900,0,400mL,Indomaret,perlengkapan-bayi,2024-01-28,Toko Indomaret
20005587,Zwitsal Baby Cologne Soft Touch Aloe Vera 100mL,26.500,26.500,0,100mL,Indomaret,baby-cologne-oil-lotion-cream,2024-01-28,Toko Indomaret
20007072,Sariwangi Teh Celup Hijau Asli 25X1.85G,11.500,11.500,0,25X1.85G,Indomaret,teh-celup,2024-01-28,Toko Indomaret
20008252,Wall's Ice Cream Paddle Pop Shaky Shake 140mL,10.500,10.500,0,140mL,Indomaret,es-krim,2024-01-28,Toko Indomaret
20009869,Zwitsal Baby Hair Lotion Aloe Vera Kemiri Seledri 100Ml,29.900,29.900,0,100Ml,Indomaret,perlengkapan-bayi,2024-01-28,Toko Indomaret
20009870,Zwitsal Baby Shampoo Natural 100Ml,19.200,19.200,0,100Ml,Indomaret,perlengkapan-bayi,2024-01-28,Toko Indomaret
20009872,Zwitsal Baby Sabun Mandi Cair Natural Milk Honey 200Ml,24.900,24.900,0,200Ml,Indomaret,perlengkapan-bayi,2024-01-28,Toko Indomaret
20010379,Lifebuoy Shampoo Anti Dandruff 70Ml,14.800,14.800,0,70Ml,Indomaret,hair-conditioner-1,2024-01-28,Toko Indomaret
20010381,Lifebuoy Shampoo Anti Dandruff 170Ml,26.900,26.900,0,170Ml,Indomaret,hair-conditioner-1,2024-01-28,Toko Indomaret
20010383,Lifebuoy Shampoo Anti Dandruff 340Ml,47.000,47.000,0,340Ml,Indomaret,hair-conditioner-1,2024-01-28,Toko Indomaret
20010999,Lifebuoy Sabun Mandi Cair Red 100Ml,19.700,19.700,0,100Ml,Indomaret,treatment-liquid-soap,2024-01-28,Toko Indomaret
20011000,Lifebuoy Sabun Mandi Cair White 100Ml,19.700,19.700,0,100Ml,Indomaret,treatment-liquid-soap,2024-01-28,Toko Indomaret
20011007,Lifebuoy Sabun Mandi Cair Mild Care 400Ml,24.900,24.900,0,400Ml,Indomaret,treatment-liquid-soap,2024-01-28,Toko Indomaret
20011008,Lifebuoy Sabun Mandi Cair Total10 400Ml,24.900,24.900,0,400Ml,Indomaret,treatment-liquid-soap,2024-01-28,Toko Indomaret
20013047,Vaseline Lotion Intensive Care Aloe Soothe 200Ml,35.500,35.500,0,200Ml,Indomaret,body-lotion,2024-01-28,Toko Indomaret
20013133,Zwitsal Baby Sabun Mandi Batang Natural Rich Honey 70G,7.900,7.900,0,70G,Indomaret,perlengkapan-bayi,2024-01-28,Toko Indomaret
20017141,Pepsodent Pasta Gigi Center Fresh 160G,26.700,26.700,0,160G,Indomaret,tooth-paste--treatment,2024-01-28,Toko Indomaret
20020226,Molto Pewangi Pakaian Flower Shower Pink 780Ml,16.800,16.800,0,780Ml,Indomaret,pelicin-dan-pewangi-pakaian,2024-01-28,Toko Indomaret
20020245,Molto Pewangi Pakaian Floral Bliss Blue 780Ml,16.800,16.800,0,780Ml,Indomaret,pelicin-dan-pewangi-pakaian,2024-01-28,Toko Indomaret
20020977,Vaseline Body Lotion Healthy Bright Uv Extra Bright 100Ml,19.500,19.500,0,100Ml,Indomaret,body-lotion,2024-01-28,Toko Indomaret
20021816,Vaseline Body Lotion Healthy Bright Uv Extra Bright 200Ml,35.900,35.900,0,200Ml,Indomaret,body-lotion,2024-01-28,Toko Indomaret
20022930,Vaseline Intensive Care Lotion Healthy Sunblock Spf-30 100Ml,79.500,79.500,0,100Ml,Indomaret,body-lotion,2024-01-28,Toko Indomaret
20024517,Axe Deodorant Bodyspray Dark Temptation 135mL,42.000,42.000,0,135mL,Indomaret,mens-cologne,2024-01-28,Toko Indomaret
20028001,Lifebuoy Shampoo Strong & Shiny 170Ml,26.900,26.900,0,170Ml,Indomaret,beauty-shampoo-1,2024-01-28,Toko Indomaret
20028002,Lifebuoy Shampoo Strong & Shiny 340Ml,47.000,47.000,0,340Ml,Indomaret,beauty-shampoo-1,2024-01-28,Toko Indomaret
20028227,Wall's Ice Cream Cornetto Disc Chocolate 108mL,12.000,12.000,0,108mL,Indomaret,es-krim,2024-01-28,Toko Indomaret
20029355,Zwitsal Baby Hair Lotion Natural Aloe Vera Kemiri Seledri 200Ml,49.500,49.500,0,200Ml,Indomaret,perlengkapan-bayi,2024-01-28,Toko Indomaret
20029646,Close Up Pasta Gigi Icy White 160g,31.600,31.600,0,160g,Indomaret,tooth-paste--treatment,2024-01-28,Toko Indomaret
20031999,Vaseline Healthy White Sun + Pollution Protection Spf24 100Ml,30.000,30.000,0,100Ml,Indomaret,body-lotion,2024-01-28,Toko Indomaret
20032366,Wall's Ice Cream Magnum Classic 80mL,18.000,18.000,0,80mL,Indomaret,es-krim,2024-01-28,Toko Indomaret
20032368,Wall's Ice Cream Magnum Almond 80mL,18.000,18.000,0,80mL,Indomaret,es-krim,2024-01-28,Toko Indomaret
20034034,Vaseline Body Lotion Healthy Bright Uv Extra Bright 400Ml,68.000,68.000,0,400Ml,Indomaret,body-lotion,2024-01-28,Toko Indomaret
20034266,Citra Pelembab Wajah Hazeline Pearly White Uv Cream 40g,50.500,50.500,0,40g,Indomaret,facial-cleanser,2024-01-28,Toko Indomaret
20035518,Wall's Ice Cream Paddle Pop Rainbow Power 50mL,3.000,3.000,0,50mL,Indomaret,es-krim,2024-01-28,Toko Indomaret
20035686,Pepsodent Pasta Gigi Sensitive Expert Original 100G,39.900,39.900,0,100G,Indomaret,perawatan-pasta-gigi,2024-01-28,Toko Indomaret
20036082,Pepsodent Sikat Gigi Double Care Sensitive Mp3 Soft,35.800,35.800,0,Soft,Indomaret,tooth-brush,2024-01-28,Toko Indomaret
20036430,Lifebuoy Body Wash Total 10 Pump Red 500Ml,72.900,72.900,0,500Ml,Indomaret,treatment-liquid-soap,2024-01-28,Toko Indomaret
20036431,Lifebuoy Sabun Mandi Cair Pump White 500Ml,72.900,72.900,0,500Ml,Indomaret,body-soap,2024-01-28,Toko Indomaret
20037446,Rinso Deterjen Liquid + Molto Refill Rose Fresh 700Ml,23.700,23.700,0,700Ml,Indomaret,deterjen,2024-01-28,Toko Indomaret
20038957,Glow & Lovely Multivitamin Cream 46g,41.100,41.100,0,46g,Indomaret,facial-cleanser,2024-01-28,Toko Indomaret
20038958,Glow & Lovely Multivitamin Cream 23g,23.400,23.400,0,23g,Indomaret,facial-cleanser,2024-01-28,Toko Indomaret
20040217,Lifebuoy Sabun Mandi Cair Blue Cool Fresh 400Ml,24.900,24.900,0,400Ml,Indomaret,treatment-liquid-soap,2024-01-28,Toko Indomaret
20040690,Vaseline Lotion Healthy White Perfect 10 200Ml,51.000,51.000,0,200Ml,Indomaret,body-lotion,2024-01-28,Toko Indomaret
20040702,Pepsodent Pasta Gigi Fresh Cool Mint 190G,17.800,17.800,0,190G,Indomaret,tooth-paste--treatment,2024-01-28,Toko Indomaret
20041164,Blue Band Margarine Cake & Cookie 200G,14.900,14.900,0,200G,Indomaret,mentega--margarin,2024-01-28,Toko Indomaret
20041266,Pepsodent Action 123 Pasta Gigi Original 190G,25.000,25.000,0,190G,Indomaret,tooth-paste--treatment,2024-01-28,Toko Indomaret
20041399,Lifebuoy Sabun Mandi Cair Lemon Fresh 400Ml,24.900,24.900,0,400Ml,Indomaret,treatment-liquid-soap,2024-01-28,Toko Indomaret
20041400,Lifebuoy Body Wash Lemon Fresh 100Ml,19.700,19.700,0,100Ml,Indomaret,treatment-liquid-soap,2024-01-28,Toko Indomaret
20041573,Blue Band Margarine Cake & Cookies 1kg,93.000,93.000,0,1kg,Indomaret,mentega-margarin,2024-01-28,Warehouse Jakarta 1
20041602,Vaseline Body Lotion Healthy White Perfect 10 400ML,80.500,80.500,0,400ML,Indomaret,body-lotion,2024-01-28,Warehouse Jakarta 1
20042833,Wall's Ice Cream Mini Cornetto Disc Tramisu & Dark Chocolate 12X28ml,36.000,36.000,0,12X28ml,Indomaret,es-krim,2024-01-28,Toko Indomaret
20042961,Pepsodent Pasta Gigi Sensitive Expert Whitening 100G,39.900,39.900,0,100G,Indomaret,tooth-paste--treatment,2024-01-28,Toko Indomaret
20044015,Dove Deeply Nourishing Body Wash Refill 400mL,31.900,31.900,0,400mL,Indomaret,body-soap,2024-01-28,Toko Indomaret
20044352,Sariwangi Teh Celup Sari Murni 25X1.6G,7.200,7.200,0,25X1.6G,Indomaret,teh-celup,2024-01-28,Toko Indomaret
20044754,Bango Kecap Manis Refill 1.525Kg,49.500,49.500,0,1.525Kg,Indomaret,kecap,2024-01-28,Warehouse Jakarta 1
20046593,Wall's Ice Cream Selection Oreo Cookies & Cream 410mL,36.000,36.000,0,410mL,Indomaret,es-krim,2024-01-28,Toko Indomaret
20046688,Pond's Men White Boost Face Scrub 100G,42.900,42.900,0,100G,Indomaret,shampoo-for-men,2024-01-28,Toko Indomaret
20046690,Pond's Men Acne Clear Oil Control Face Wash 100G,42.900,42.900,0,100G,Indomaret,shampoo-for-men,2024-01-28,Toko Indomaret
20046953,Pepsodent Sensitive Expert Pasta Gigi Fresh 100G,39.900,39.900,0,100G,Indomaret,tooth-paste--treatment,2024-01-28,Toko Indomaret
20047217,Pepsodent Pasta Gigi White 225G,18.200,18.200,0,225G,Indomaret,tooth-paste--treatment,2024-01-28,Toko Indomaret
20047432,Sunlight Pencuci Piring Lime 400mL,25.700,25.700,0,400mL,Indomaret,sabun-cuci-piring,2024-01-28,Toko Indomaret
20048965,Dove Deodorant Roll On Ultimate Repair 40mL,26.900,26.900,0,40mL,Indomaret,deodorant-stick,2024-01-28,Toko Indomaret
20049919,Lux Sabun Cair Pink Soft Touch Refill 400Ml,24.900,24.900,0,400Ml,Indomaret,body-soap,2024-01-28,Toko Indomaret
20049941,Lux Sabun Mandi Cair Refill Magical Orchid 400mL,24.900,24.900,0,400mL,Indomaret,body-soap,2024-01-28,Toko Indomaret
20051947,Lux Sabun Cair Pink Soft Touch Pump 580Ml,81.600,81.600,0,580Ml,Indomaret,body-soap,2024-01-28,Toko Indomaret
20052465,Vaseline Men Face Wash Healthy White 100G,40.000,40.000,0,100G,Indomaret,shampoo-for-men,2024-01-28,Toko Indomaret
20053168,Blue Band Margarine Master 2Kg,137.900,137.900,0,2Kg,Indomaret,mentega-margarin,2024-01-28,Warehouse Jakarta 1
20053181,Axe Deodorant Bodyspray Gold Temptation 135mL,42.000,42.000,0,135mL,Indomaret,mens-cologne,2024-01-28,Toko Indomaret
20054385,Wall's Ice Cream Neopolitana Extra Creamy 350Ml,24.800,24.800,0,350Ml,Indomaret,es-krim-stick--cup,2024-01-28,Toko Indomaret
20054610,Rinso Deterjen Liquid Front Load 1.6L,71.900,71.900,0,1.6L,Indomaret,deterjen-matic,2024-01-28,Toko Indomaret
20054750,Rinso Deterjen Cair Molto Perfume Essence 510mL,14.900,14.900,0,510mL,Indomaret,deterjen,2024-01-28,Toko Indomaret
20056192,Wall's Ice Cream Neopolitan Extra Creamy 700Ml,38.000,38.000,0,700Ml,Indomaret,es-krim-stick--cup,2024-01-28,Toko Indomaret
20056990,Axe Deodorant Bodyspray Black 135mL,42.000,42.000,0,135mL,Indomaret,mens-body-care,2024-01-28,Toko Indomaret
20057342,Wall's Ice Cream Paddle Pop Monkey Banana Boat 42Ml,5.200,5.200,0,42Ml,Indomaret,es-krim,2024-01-28,Toko Indomaret
20059265,Wall's Ice Cream Magnum White Almond 80Ml,18.500,18.500,0,80Ml,Indomaret,es-krim-stick--cup,2024-01-28,Toko Indomaret
20059866,"Lifebuoy,Sabun Mandi Multipack Total 10 4X110g Bdd",22.500,22.500,0,Bdd,Indomaret,body-bar-soap,2024-01-28,Toko Indomaret
20062306,Rexona Deodorant Roll On Men Ice Cool 45Ml,21.200,21.200,0,45Ml,Indomaret,mens-cologne,2024-01-28,Toko Indomaret
20062307,Rexona Deodorant Roll On Men Invisible Dry 45Ml,21.200,21.200,0,45Ml,Indomaret,mens-cologne,2024-01-28,Toko Indomaret
20062308,Rexona Men Anti-Perspirant Deodorant Roll On Sport Defence 45Ml,21.200,21.200,0,45Ml,Indomaret,mens-cologne,2024-01-28,Toko Indomaret
20062309,Rexona Deodorant Roll On Men Ultra Recharge 45Ml,21.200,21.200,0,45Ml,Indomaret,mens-cologne,2024-01-28,Toko Indomaret
20062310,Rexona Deodorant Roll On Women Advaced Brightening 45Ml,26.100,26.100,0,45Ml,Indomaret,deodorant,2024-01-28,Toko Indomaret
20062311,Rexona Deodorant Free Spirit 50Ml,21.200,21.200,0,50Ml,Indomaret,deodorant,2024-01-28,Toko Indomaret
20062312,Rexona Deodorant Roll On Women Invisible Dry 50Ml,21.200,21.200,0,50Ml,Indomaret,deodorant,2024-01-28,Toko Indomaret
20062314,Rexona Deodorant Roll On Women Shower Clean 50Ml,21.200,21.200,0,50Ml,Indomaret,deodorant,2024-01-28,Toko Indomaret
20062411,Rexona Deodorant Roll On Women Power Dry 50Ml,21.200,21.200,0,50Ml,Indomaret,deodorant,2024-01-28,Toko Indomaret
20067200,Buavita Guava 1L,29.800,29.800,0,1L,Indomaret,jus,2024-01-28,Toko Indomaret
20067201,Buavita Juice Mango 1000Ml,29.800,29.800,0,1000Ml,Indomaret,jus,2024-01-28,Toko Indomaret
20067202,Ponds Pembersih Wajah Facial Foam Pure Bright/Charcoal 100g,39.300,39.300,0,100g,Indomaret,facial-milk-cleanser--freshner,2024-01-28,Toko Indomaret
20067203,Ponds Pembersih Wajah Charcoal 50G,26.000,26.000,0,50G,Indomaret,facial-milk-cleanser--freshner,2024-01-28,Toko Indomaret
20067204,Ponds Pembersih Wajah Clear Solution/Pore Clear 100G,42.300,42.300,0,100G,Indomaret,facial-cleanser,2024-01-28,Toko Indomaret
20067209,Ponds Pembersih Wajah Bright Beauty Niasorcinol 50G,25.100,25.100,0,50G,Indomaret,facial-milk-cleanser--freshner,2024-01-28,Toko Indomaret
20067210,Ponds Pembersih Wajah Bright Beauty Niasorcinol 100G,36.700,36.700,0,100G,Indomaret,facial-cleanser,2024-01-28,Toko Indomaret
20067240,Sunsilk Shampoo Co-Creations Black Shine 70mL,15.200,15.200,0,70mL,Indomaret,hair-conditioner-1,2024-01-28,Toko Indomaret
20067241,Sunsilk Shampoo Black Shine 160mL,26.900,26.900,0,160mL,Indomaret,hair-conditioner-1,2024-01-28,Toko Indomaret
20067242,Sunsilk Shampoo Black Shine 320mL,48.000,48.000,0,320mL,Indomaret,hair-conditioner-1,2024-01-28,Toko Indomaret
20067244,Sunsilk Shampoo Soft & Smooth 160mL,26.900,26.900,0,160mL,Indomaret,hair-conditioner-1,2024-01-28,Toko Indomaret
20067245,Sunsilk Shampoo Soft & Smooth 320mL,48.000,48.000,0,320mL,Indomaret,hair-conditioner-1,2024-01-28,Toko Indomaret
20067246,Sunsilk Konditioner Black Shine 160mL,32.600,32.600,0,160mL,Indomaret,treatment-shampoo,2024-01-28,Toko Indomaret
20067247,Sunsilk Konditioner Co-Creations Soft & Smooth 160mL,32.600,32.600,0,160mL,Indomaret,treatment-shampoo,2024-01-28,Toko Indomaret
20067359,Sunsilk Shampoo Hijab Refresh 160mL,26.900,26.900,0,160mL,Indomaret,hair-conditioner-1,2024-01-28,Toko Indomaret
20067449,Glow & Lovely Multivitamin Facial Foam 100g,30.900,30.900,0,100g,Indomaret,facial-cleanser,2024-01-28,Toko Indomaret
20067961,Lifebuoy Sabun Mandi Ts (46094) Mild Care 110G,7.700,7.700,0,110G,Indomaret,body-bar-soap,2024-01-28,Toko Indomaret
20067962,Lifebuoy Sabun Mandi Ts (46093) Total 10 110G,7.700,7.700,0,110G,Indomaret,body-bar-soap,2024-01-28,Toko Indomaret
20067963,Lifebuoy Sabun Mandi Ts Multipack 05966 Mild Care 4X60g,14.300,14.300,0,4X60g,Indomaret,body-bar-soap,2024-01-28,Toko Indomaret
20067964,Lifebuoy Sabun Mandi Ts Multipack 06105 Total 10 4X60g,14.300,14.300,0,4X60g,Indomaret,body-bar-soap,2024-01-28,Toko Indomaret
20069227,Glow & Lovely Multivitamin Facial Foam 50g,19.400,19.400,0,50g,Indomaret,facial-milk-cleanser--freshner,2024-01-28,Toko Indomaret
20070383,Ponds Pelembab Wajah Day Cream Normal Skin Niasorcinol 20G,31.900,31.900,0,20G,Indomaret,krim-wajah,2024-01-28,Toko Indomaret
20071156,Royco Bumbu Dasar Ayam Kuning 600g,42.000,42.000,0,600g,Indomaret,garam-bumbu,2024-01-28,Warehouse Jakarta 1
20071827,Rinso Deterjen Powder + Molto Rose Fresh 650G,27.300,27.300,0,650G,Indomaret,deterjen,2024-01-28,Toko Indomaret
20071828,Rinso Deterjen Powder + Molto Rose Fresh 1.6Kg,59.900,59.900,0,1.6Kg,Indomaret,deterjen,2024-01-28,Toko Indomaret
20072317,Wall's Ice Cream Cornetto Disc Oreo 110Ml,13.500,13.500,0,110Ml,Indomaret,es-krim,2024-01-28,Toko Indomaret
20072673,Zwitsal Baby Bath Natural 2 In 1 Hair & Body 300Ml,39.900,39.900,0,300Ml,Indomaret,perlengkapan-bayi,2024-01-28,Toko Indomaret
20072834,Ponds Pelembab Wajah Age Miracle Hexyl-Retinol Day Cream 10G,41.300,41.300,0,10G,Indomaret,facial-cleanser,2024-01-28,Toko Indomaret
20072835,Ponds Pelembap Wajah Age Miracle Hexyl-Retinol Night Cream 10G,45.800,45.800,0,10G,Indomaret,facial-cleanser,2024-01-28,Toko Indomaret
20073986,Sariwangi Teh Melati 25 Teh Celup,9.600,9.600,0,Celup,Indomaret,teh-celup,2024-01-28,Toko Indomaret
20074434,Lifebuoy Sabun Mandi Ts Lemon Fresh 4X110g,22.500,22.500,0,4X110g,Indomaret,body-bar-soap,2024-01-28,Toko Indomaret
20075361,Zwitsal Baby Bath Natural Milky Honey 400mL,39.900,39.900,0,400mL,Indomaret,perlengkapan-bayi,2024-01-28,Toko Indomaret
20075742,Pepsodent Sikat Gigi Silver Charcoal Soft,21.300,21.300,0,Soft,Indomaret,tooth-brush,2024-01-28,Toko Indomaret
20076432,Sunsilk Shampoo Hijab Refresh 320Ml,48.000,48.000,0,320Ml,Indomaret,hair-conditioner-1,2024-01-28,Toko Indomaret
20077310,Buavita Guava 500Ml,15.900,15.900,0,500Ml,Indomaret,jus,2024-01-28,Toko Indomaret
20077498,Vaseline Petroleum Repairing Jelly Original 50Ml,35.500,35.500,0,50Ml,Indomaret,body-lotion,2024-01-28,Toko Indomaret
20079628,Pond's Men White Boost Face Scrub 50G,32.000,32.000,0,50G,Indomaret,shampoo-for-men,2024-01-28,Toko Indomaret
20081452,Lifebuoy Sabun Mandi Cair Refill Total10 825mL,44.900,44.900,0,825mL,Indomaret,treatment-liquid-soap,2024-01-28,Toko Indomaret
20084469,Royco Bumbu Kaldu Ayam 220G,11.500,11.500,0,220G,Indomaret,garam-bumbu,2024-01-28,Toko Indomaret
20084470,Royco Bumbu Kaldu Sapi 220G,11.500,11.500,0,220G,Indomaret,garam-bumbu,2024-01-28,Toko Indomaret
20085113,Rinso Deterjen Powder + Molto Perfume Essence 650g,27.300,27.300,0,650g,Indomaret,deterjen-bubuk,2024-01-28,Toko Indomaret
20085121,Lux Sabun Mandi Batang Pink Soft Rose 3X110g,17.500,17.500,0,3X110g,Indomaret,body-bar-soap,2024-01-28,Toko Indomaret
20085122,Lux Sabun Mandi Batang White Velvet Jasmine 3X110g,17.500,17.500,0,3X110g,Indomaret,body-bar-soap,2024-01-28,Toko Indomaret
20085286,Wall's Ice Cream Cornetto Junior Black & White 80mL,6.200,6.200,0,80mL,Indomaret,es-krim,2024-01-28,Toko Indomaret
20086026,Glow & Lovely 2 In 1 Powder Cream 20G,28.300,28.300,0,20G,Indomaret,krim-wajah,2024-01-28,Toko Indomaret
20086172,Sunlight Pencuci Piring Higienis Habbatussauda 650mL,14.900,14.900,0,650mL,Indomaret,sabun-cuci-piring,2024-01-28,Toko Indomaret
20086406,Citra Sakura Fair Uv Powder Cream 40G,50.500,50.500,0,40G,Indomaret,krim-wajah,2024-01-28,Toko Indomaret
20087201,Rexona Deo Roll On Men Motionsense Invisible+Antibacterial 45Ml,26.200,26.200,0,45Ml,Indomaret,deodorant-stick,2024-01-28,Toko Indomaret
20087202,Lifebuoy Sabun Mandi Cair Refill Lemon Fresh 825mL,44.900,44.900,0,825mL,Indomaret,treatment-liquid-soap,2024-01-28,Toko Indomaret
20087345,Pond's Age Miracle Day Cream 20G,78.800,78.800,0,20G,Indomaret,krim-wajah,2024-01-28,Toko Indomaret
20087525,Pepsodent Pasta Gigi White Prm Valuepack 2X190g,26.200,26.200,0,2X190g,Indomaret,tooth-paste--treatment,2024-01-28,Toko Indomaret
20088419,Royco Bumbu Pelezat Serbaguna Ayam 460g,18.300,18.300,0,460g,Indomaret,garam-bumbu,2024-01-28,Warehouse Jakarta 1
20088631,Close Up Pasta Gigi White Attraction 100g,24.300,24.300,0,100g,Indomaret,tooth-paste--treatment,2024-01-28,Toko Indomaret
20089436,Lifebuoy Sabun Mandi Lemon Fresh 4X60g,14.300,14.300,0,4X60g,Indomaret,body-bar-soap,2024-01-28,Toko Indomaret
20090066,Wipol Karbol Sereh & Jeruk 750Ml,21.200,21.200,0,750Ml,Indomaret,pembersih-lantai-dan-toilet,2024-01-28,Toko Indomaret
20090067,Sunlight Pencuci Piring Mint Anti Bau 650mL,14.900,14.900,0,650mL,Indomaret,sabun-cuci-piring,2024-01-28,Toko Indomaret
20090355,Lifebuoy Sabun Mandi Lemon Fresh 110G,7.700,7.700,0,110G,Indomaret,body-bar-soap,2024-01-28,Toko Indomaret
20090482,Pond's Men Lightning Oil Clear Sabun Muka 100G,42.900,42.900,0,100G,Indomaret,shampoo-for-men,2024-01-28,Toko Indomaret
20090542,Citra Body Lotion Bengkoang Natural Glow Uv 110Ml,16.200,16.200,0,110Ml,Indomaret,body-lotion,2024-01-28,Toko Indomaret
20090543,Citra Body Lotion Natural Glowing White Uv 230mL,28.500,28.500,0,230mL,Indomaret,body-lotion,2024-01-28,Toko Indomaret
20090553,Citra Body Lotion Pearly White Uv (New) 120Ml,16.200,16.200,0,120Ml,Indomaret,body-lotion,2024-01-28,Toko Indomaret
20090554,Citra Body Lotion Pearly White Uv 210mL,28.500,28.500,0,210mL,Indomaret,body-lotion,2024-01-28,Toko Indomaret
20091175,Pepsodent Pasta Gigi Kids Strawberry 45G,7.800,7.800,0,45G,Indomaret,pasta-sikat-gigi-anak,2024-01-28,Toko Indomaret
20091179,Jawara Saus Sambal Extra Hot 120mL,7.700,7.700,0,120mL,Indomaret,kecap-saus,2024-01-28,Toko Indomaret
20091317,Jawara Saus Sambal Hot 120Ml,7.700,7.700,0,120Ml,Indomaret,kecap-saus,2024-01-28,Toko Indomaret
20091347,Tresemme Keratin Smooth Shampoo 170Ml,39.300,39.300,0,170Ml,Indomaret,hair--shampoo,2024-01-28,Toko Indomaret
20091348,Tresemme Shampoo Hair Fall Control 170Ml,39.300,39.300,0,170Ml,Indomaret,hair--shampoo,2024-01-28,Toko Indomaret
20091349,Tresemme Scalp Care Shampoo 170Ml,39.300,39.300,0,170Ml,Indomaret,hair--shampoo,2024-01-28,Toko Indomaret
20091409,Citra Sabun Mandi Pencerah Kulit Pearl 70g,4.100,4.100,0,70g,Indomaret,body-bar-soap,2024-01-28,Toko Indomaret
20091410,Clear Shampoo Anti Dandruff Fresh Apple 160mL,32.900,32.900,0,160mL,Indomaret,hair--shampoo,2024-01-28,Toko Indomaret
20091428,Clear Men Shampoo Anti Dandruff Cool Sport Menthol Fresh Active 160mL,32.900,32.900,0,160mL,Indomaret,mens-shampoo,2024-01-28,Toko Indomaret
20091430,Clear Shampoo Anti Dandruff Complete Soft Care 320mL,56.500,56.500,0,320mL,Indomaret,hair--shampoo,2024-01-28,Toko Indomaret
20091432,Clear Shampoo Anti Dandruff Ice Cool Menthol 300mL,56.500,56.500,0,300mL,Indomaret,hair--shampoo,2024-01-28,Toko Indomaret
20091437,Clear Shampoo Anti Dandruff Menthol Segar 70mL,15.200,15.200,0,70mL,Indomaret,hair--shampoo,2024-01-28,Toko Indomaret
20091440,Clear Shampoo Anti Dandruff Ice Cool Menthol Fresh 160mL,32.900,32.900,0,160mL,Indomaret,hair--shampoo,2024-01-28,Toko Indomaret
20091441,Clear Shampoo Anti Dandruff Complete Soft Care 160mL,32.900,32.900,0,160mL,Indomaret,hair--shampoo,2024-01-28,Toko Indomaret
20091575,Rexona Roll-On Glowing White 40Ml,17.500,17.500,0,40Ml,Indomaret,deodorant-stick,2024-01-28,Toko Indomaret
20091707,Tresemme Kondisioner Keratin Smooth New 170Ml,42.500,42.500,0,170Ml,Indomaret,treatment-shampoo,2024-01-28,Toko Indomaret
20092076,Pepsodent Pasta Gigi Action 123 Charcoal 160G,24.600,24.600,0,160G,Indomaret,tooth-paste--treatment,2024-01-28,Toko Indomaret
20092400,Rexona Deodorant Roll On Women Dreamy Bright 40mL,17.500,17.500,0,40mL,Indomaret,deodorant-stick,2024-01-28,Toko Indomaret
20092895,Wall's Ice Cream Paddle Pop Choco Lava 50mL,4.000,4.000,0,50mL,Indomaret,es-krim-stick--cup,2024-01-28,Toko Indomaret
20093188,Rinso Molto Deterjen Cair Royal Gold 510mL,14.900,14.900,0,510mL,Indomaret,deterjen,2024-01-28,Toko Indomaret
20093521,Rinso Deterjen Powder + Molto Perfume Essence 1.8Kg,59.900,59.900,0,1.8Kg,Indomaret,deterjen-bubuk,2024-01-28,Toko Indomaret
20094163,Vaseline Body Lotion Healthy White Fresh & Fair 200Ml,35.900,35.900,0,200Ml,Indomaret,body-lotion,2024-01-28,Toko Indomaret
20094209,Royco Sup Krim Kepiting & Jagung 44G,9.500,9.500,0,44G,Indomaret,bumbu-masak,2024-01-28,Toko Indomaret
20094320,Clear Shampoo Anti Dandruff Fresh Cool Lemon 160mL,32.900,32.900,0,160mL,Indomaret,hair--shampoo,2024-01-28,Toko Indomaret
20094387,Wall's Ice Cream Cornetto Disc Silver Queen 108Ml,13.500,13.500,0,108Ml,Indomaret,es-krim-stick--cup,2024-01-28,Toko Indomaret
20094824,Wall's Ice Cream Feast Double Chocolate 75Ml,7.500,7.500,0,75Ml,Indomaret,es-krim-stick--cup,2024-01-28,Toko Indomaret
20096153,Pepsodent Travel Kit,19.700,19.700,0,Kit,Indomaret,tooth-brush,2024-01-28,Toko Indomaret
20096787,Citra Fresh Glow Multifunction Gel Aloe Vera 180mL,33.900,33.900,0,180mL,Indomaret,facial-milk-cleanser--freshner,2024-01-28,Toko Indomaret
20096954,Rexona Deo Dry Serum Natural Brightening Fresh Sakura 50Ml,24.900,24.900,0,50Ml,Indomaret,facial-caremasker,2024-01-28,Toko Indomaret
20096982,Royco Bumbu Siap Pakai Ayam Saus Telur Asin 22G,7.500,7.500,0,22G,Indomaret,bumbu-instan,2024-01-28,Toko Indomaret
20097405,Wall's Ice Cream Solero Fruit Mangga 65mL,5.000,5.000,0,65mL,Indomaret,es-krim,2024-01-28,Toko Indomaret
20098145,St.Ives Radiant Skin Scrub Pink Lemon & Mandarin Orange 170g,71.200,71.200,0,170g,Indomaret,facial-milk-cleanser--freshner,2024-01-28,Warehouse Jakarta 1
20098872,Vaseline Lip Therapy Original 7G,37.900,37.900,0,7G,Indomaret,lip-make-up,2024-01-28,Toko Indomaret
20098873,Vaseline Lip Therapy Creme Brulee 7G,37.900,37.900,0,7G,Indomaret,lip-make-up,2024-01-28,Toko Indomaret
20098945,Sunsilk Shampoo Co-Creations Black Shine 680mL,79.000,79.000,0,680mL,Indomaret,hair--shampoo,2024-01-28,Warehouse Jakarta 1
20099164,Pond's Vitamin Micellar Water Brghtening Rose 100Ml,26.300,26.300,0,100Ml,Indomaret,facial-cleanser-1,2024-01-28,Toko Indomaret
20099812,Rinso Deterjen Liquid + Molto Perfume Essence 1.65L,49.400,49.400,0,1.65L,Indomaret,deterjen-cair,2024-01-28,Toko Indomaret
20100007,Wall's Ice Cream Cornetto Junior Strawberry & Vanilla 80mL,6.200,6.200,0,80mL,Indomaret,es-krim-stick--cup,2024-01-28,Toko Indomaret
20100787,Wall's Ice Cream Magnum Double Choco 95mL,20.000,20.000,0,95mL,Indomaret,es-krim-stick--cup,2024-01-28,Toko Indomaret
20100788,Pepsodent Pasta Gigi Complete Siwak 150+25G,20.500,20.500,0,150+25G,Indomaret,tooth-paste--treatment,2024-01-28,Toko Indomaret
20101098,Zwitsal Kids Shampoo Blue Clean & Fresh 180Ml,22.500,22.500,0,180Ml,Indomaret,perlengkapan-anak,2024-01-28,Toko Indomaret
20101099,Zwitsal Kids Shampoo Pink Soft & Moisture 180Ml,22.500,22.500,0,180Ml,Indomaret,perlengkapan-anak,2024-01-28,Toko Indomaret
20101197,Ponds White Beauty Serum Burst Cream 20G,40.500,40.500,0,20G,Indomaret,facial-caremasker,2024-01-28,Toko Indomaret
20101255,Glow & Lovely Masker Serum 20g,10.000,10.000,0,20g,Indomaret,facial-cotton-1,2024-01-28,Toko Indomaret
20102392,Sariwangi Teh Celup Asli 30X1.85G,8.200,8.200,0,30X1.85G,Indomaret,teh-celup,2024-01-28,Toko Indomaret
20103170,Vaseline Healthy Bright Soft+Glow Gluta Vitamin Serum Spf20 180mL,37.900,37.900,0,180mL,Indomaret,body-lotion,2024-01-28,Toko Indomaret
20103461,Ponds Vitamin Micellar Water Brghtening Rose 55Ml,10.600,10.600,0,55Ml,Indomaret,facial-cleanser-1,2024-01-28,Toko Indomaret
20103617,Lifebuoy Antibacterial Handwash Total 10 200Ml,20.900,20.900,0,200Ml,Indomaret,hand-wash,2024-01-28,Toko Indomaret
20104271,Vaseline Lip Therapy Rosy Lips 4.8G,29.900,29.900,0,4.8G,Indomaret,facial-cotton,2024-01-28,Toko Indomaret
20104647,Ponds Pembersih Wajah Anti Bacterial 100G,36.800,36.800,0,100G,Indomaret,facial-milk-cleanser--freshner,2024-01-28,Toko Indomaret
20104950,Rinso Molto Detergent Cair Japanese Peach 510mL,14.900,14.900,0,510mL,Indomaret,deterjen-cair,2024-01-28,Toko Indomaret
20105227,Wall's Ice Cream Paddle Pop Mochi Choco Vanilla 45Ml,3.000,3.000,0,45Ml,Indomaret,es-krim,2024-01-28,Toko Indomaret
20105340,Lifebuoy Sabun Mandi Cair Refill Yoghurt Care 400mL,26.900,26.900,0,400mL,Indomaret,treatment-liquid-soap,2024-01-28,Toko Indomaret
20105341,Axe Body Spray Deodorant Ice Chill 135mL,42.000,42.000,0,135mL,Indomaret,deodorant,2024-01-28,Toko Indomaret
20105698,Zwitsal Kids Bubble Bath Clean & Fresh 280Ml,30.900,30.900,0,280Ml,Indomaret,kids-hair-body-wash,2024-01-28,Toko Indomaret
20106302,Vaseline Repairing Jelly Aloe 50Ml,34.500,34.500,0,50Ml,Indomaret,body-lotion,2024-01-28,Toko Indomaret
20106821,Molto Pewangi Pakaian Sport Fresh Purple 780Ml,16.800,16.800,0,780Ml,Indomaret,pelicin-dan-pewangi-pakaian,2024-01-28,Toko Indomaret
20107245,Pepsodent Kids Patrick Pasta + Sikat Gigi Strawberry 45G,14.900,14.900,0,45G,Indomaret,tooth-paste--treatment,2024-01-28,Toko Indomaret
20107538,Bango Kecap Manis Less Sugar 520mL,26.500,26.500,0,520mL,Indomaret,kecap,2024-01-28,Toko Indomaret
20107853,Wall's Ice Cream Paddle Pop Twister Mermaid 55Ml,4.000,4.000,0,55Ml,Indomaret,es-krim,2024-01-28,Toko Indomaret
20108197,Royco Bumbu Kaldu Jamur 40G,5.300,5.300,0,40G,Indomaret,bumbu-instan,2024-01-28,Toko Indomaret
20108356,Vaseline Lip Therapy Rosy Lips 7g,40.300,40.300,0,7g,Indomaret,facial-cotton,2024-01-28,Warehouse Jakarta 1
20108708,Pepsodent Pasta Gigi Multi Protection Complete 8 150G,19.700,19.700,0,150G,Indomaret,tooth-paste--treatment,2024-01-28,Toko Indomaret
20108961,Jawara Cabai Tabur Jambal 30g,9.000,9.000,0,30g,Indomaret,bumbu-tradisional,2024-01-28,Toko Indomaret
20108963,Jawara Cabai Tabur Bawang Goreng 35g,9.000,9.000,0,35g,Indomaret,bumbu-tradisional,2024-01-28,Toko Indomaret
20108986,Zwitsal Eau De Toilette 100mL,36.800,36.800,0,100mL,Indomaret,body-cologne,2024-01-28,Toko Indomaret
20109664,Dove Serum Shampoo Total Hair Fall 680mL,87.000,87.000,0,680mL,Indomaret,hair--shampoo,2024-01-28,Warehouse Jakarta 1
20109967,Clear Men Shampoo 3 In 1 Active Clean 160Ml,32.900,32.900,0,160Ml,Indomaret,mens-shampoo,2024-01-28,Toko Indomaret
20110114,Pond's Men Pembersih Foam + Scrub Pore Vacuum 90G,49.500,49.500,0,90G,Indomaret,shampoo-for-men,2024-01-28,Toko Indomaret
20110117,Glow & Lovely Bright C Glow Facial Foam Vitamin C 100g,30.900,30.900,0,100g,Indomaret,facial-milk-cleanser--freshner,2024-01-28,Toko Indomaret
20110212,Royco Bumbu Pelezat Serbaguna Sapi 6X9g,3.800,3.800,0,6X9g,Indomaret,garam-bumbu,2024-01-28,Toko Indomaret
20110215,Royco Bumbu Pelezat Serbaguna Ayam 6X9g,3.800,3.800,0,6X9g,Indomaret,garam-bumbu,2024-01-28,Toko Indomaret
20110483,Lux Body Wash Botanicals Soft Skin Soft Rose 825mL,44.900,44.900,0,825mL,Indomaret,body-soap,2024-01-28,Warehouse Jakarta 1
20110812,Zwitsal Baby Bath Hair & Body Antibacterial 400mL,39.900,39.900,0,400mL,Indomaret,baby-hair-body-wash,2024-01-28,Toko Indomaret
20111362,Rexona Deo Roll On Men Motionsense Lime Cool 45Ml,26.200,26.200,0,45Ml,Indomaret,deodorant-stick,2024-01-28,Toko Indomaret
20112481,Wall's Ice Cream Cornetto Brown Sugar Boba 135Ml,12.200,12.200,0,135Ml,Indomaret,es-krim,2024-01-28,Toko Indomaret
20112491,Sunlight Pencuci Piring Lime 910mL,21.700,21.700,0,910mL,Indomaret,sabun-cuci-piring,2024-01-28,Toko Indomaret
20112492,Sunlight Pencuci Piring Lime 420mL,9.900,9.900,0,420mL,Indomaret,sabun-cuci-piring,2024-01-28,Toko Indomaret
20112743,Ponds Bright Beauty/Miracle Whip Collagen 100G,37.400,37.400,0,100G,Indomaret,facial-milk-cleanser--freshner,2024-01-28,Toko Indomaret
20113178,Sunsilk Vitamin Hair Mist 3 In 1 40Ml,16.300,16.300,0,40Ml,Indomaret,hair-treatment,2024-01-28,Toko Indomaret
20113183,Rinso Deterjen Powder + Molto Rose Fresh 400g,10.000,10.000,0,400g,Indomaret,deterjen-bubuk,2024-01-28,Toko Indomaret
20113327,Ponds Age Miracle Serum Mask Advanced Youth 25G,31.900,31.900,0,25G,Indomaret,facial-cotton-1,2024-01-28,Toko Indomaret
20113328,Ponds Vitamin Duo Sheet Mask Vitamin B6 + Tomato 20G,23.400,23.400,0,20G,Indomaret,facial-cotton-1,2024-01-28,Toko Indomaret
20113904,Dove Serum Shampoo Anti Ketombe 135mL,25.500,25.500,0,135mL,Indomaret,hair--shampoo,2024-01-28,Toko Indomaret
20113905,Dove Serum Shampoo Perawatan Rambut Rusak 135mL,25.500,25.500,0,135mL,Indomaret,hair--shampoo,2024-01-28,Toko Indomaret
20113906,Dove Serum Shampoo Perawatan Rambut Rontok 135mL,25.500,25.500,0,135mL,Indomaret,hair--shampoo,2024-01-28,Toko Indomaret
20113907,Dove Serum Shampoo Perawatan Rambut Rontok 290mL,48.500,48.500,0,290mL,Indomaret,hair--shampoo,2024-01-28,Toko Indomaret
20114106,Wall's Ice Cream Paddle Pop Minions Vanilla Caramel 90Ml,5.500,5.500,0,90Ml,Indomaret,es-krim,2024-01-28,Toko Indomaret
20114849,Ponds Bright Beauty Power Serum 7.5G,19.000,19.000,0,7.5G,Indomaret,facial-caremasker,2024-01-28,Toko Indomaret
20115145,Lifebuoy Sabun Mandi Cair Refill Japanese Shiso & Mineral Clay 400mL,26.900,26.900,0,400mL,Indomaret,treatment-liquid-soap,2024-01-28,Toko Indomaret
20115157,Buavita Juice Orange 1000Ml,29.800,29.800,0,1000Ml,Indomaret,jus,2024-01-28,Toko Indomaret
20115639,Wall's Ice Cookies N Cream Oreo Vanila 90Ml,8.000,8.000,0,90Ml,Indomaret,es-krim-stick--cup,2024-01-28,Toko Indomaret
20116527,Zwitsal Face & Body Care Cream 50G,24.500,24.500,0,50G,Indomaret,baby-cologne-oil-lotion-cream,2024-01-28,Toko Indomaret
20117107,Bango Kecap Manis Refill 735mL,33.200,33.200,0,735mL,Indomaret,kecap,2024-01-28,Toko Indomaret
20117290,Molto Pelicin &Pewangi Pakaian Trika Flower Shower 400Ml,10.200,10.200,0,400Ml,Indomaret,perapi-pakaian,2024-01-28,Warehouse Jakarta 1
20117291,Molto Pelicin &Pewangi Pakaian Trika Floral Bliss 400Ml,10.200,10.200,0,400Ml,Indomaret,perapi-pakaian,2024-01-28,Warehouse Jakarta 1
20117461,Vaseline Hijab Radiant Gluta Vitamin Cooling Serum 180mL,37.900,37.900,0,180mL,Indomaret,body-lotion,2024-01-28,Toko Indomaret
20117569,Wall's Ice Cream Mini Cornetto Oreo 12X28ml,36.000,36.000,0,12X28ml,Indomaret,es-krim,2024-01-28,Toko Indomaret
20118537,Pepsodent Pasta Gigi White 120+30G,11.200,11.200,0,120+30G,Indomaret,tooth-paste--treatment,2024-01-28,Toko Indomaret
20119092,Pepsodent Sikat Gigi Siwak 2'S Soft,22.700,22.700,0,Soft,Indomaret,tooth-brush,2024-01-28,Toko Indomaret
20119094,Pepsodent Sikat Gigi Expert Clean 3'S Soft,24.900,24.900,0,Soft,Indomaret,tooth-brush,2024-01-28,Toko Indomaret
20119096,Pepsodent Sikat Gigi Brilian 3'S Soft,10.400,10.400,0,Soft,Indomaret,tooth-brush,2024-01-28,Toko Indomaret
20119141,Wall's Ice Cream Paddle Pop Mochi Strawberry Vanilla 45Ml,3.000,3.000,0,45Ml,Indomaret,es-krim,2024-01-28,Toko Indomaret
20119142,Wall's Ice Cream Blast Choco Cheese 70Ml,8.000,8.000,0,70Ml,Indomaret,es-krim,2024-01-28,Toko Indomaret
20119621,Ponds Triple Glow Serum Mask 20G,21.500,21.500,0,20G,Indomaret,facial-cotton-1,2024-01-28,Toko Indomaret
20119622,Glow & Lovely Vitamin C Masker Serum 20G,9.600,9.600,0,20G,Indomaret,facial-cotton-1,2024-01-28,Toko Indomaret
20119641,Dove Hijab Shampoo Perawatan Rambut Rontok 135mL,30.500,30.500,0,135mL,Indomaret,hair--shampoo,2024-01-28,Toko Indomaret
20120201,Ponds Facial Foam Berry Glow 90G,29.500,29.500,0,90G,Indomaret,facial-milk-cleanser--freshner,2024-01-28,Toko Indomaret
20120205,Pepsodent Pasta Gigi Herbal 75+25G,12.800,12.800,0,75+25G,Indomaret,tooth-paste--treatment,2024-01-28,Toko Indomaret
20120206,Pepsodent Pasta Gigi Herbal 120+30G,17.800,17.800,0,120+30G,Indomaret,tooth-paste--treatment,2024-01-28,Toko Indomaret
20120424,Clear Shampoo Anti Dandruff Menthol Segar 400mL,65.900,65.900,0,400mL,Indomaret,hair--shampoo,2024-01-28,Toko Indomaret
20120613,Ponds Pure Bright/Miracle Whip Collagen 100G,37.100,37.100,0,100G,Indomaret,facial-milk-cleanser--freshner,2024-01-28,Toko Indomaret
20121038,Wall's Ice Cream Upin & Ipin 60mL,4.000,4.000,0,60mL,Indomaret,es-krim,2024-01-28,Toko Indomaret
20121051,Royco Bumbu Kaldu Ayam Spesial 40G,5.000,5.000,0,40G,Indomaret,bumbu-instan,2024-01-28,Toko Indomaret
20121372,Rinso Deterjen Powder + Molto Perfume Essence 400g,10.000,10.000,0,400g,Indomaret,deterjen-bubuk,2024-01-28,Toko Indomaret
20121373,Super Pell Pembersih Lantai Anti-Bac Citrus 500mL,7.500,9.900,,500mL,Indomaret,pembersih-lantai,2024-01-28,Toko Indomaret
20122042,Lux Body Wash Hijab Zaitun & Madu 400mL,26.900,26.900,0,400mL,Indomaret,body-soap,2024-01-28,Toko Indomaret
20122296,Ponds Age Miracle Serum Ultimate Youth 7g,26.500,26.500,0,7g,Indomaret,facial-caremasker,2024-01-28,Toko Indomaret
20122739,Dove Super Conditioner Intensive Hair Fall Treat 170mL,32.100,32.100,0,170mL,Indomaret,treatment-shampoo,2024-01-28,Warehouse Jakarta 1
20122746,Pepsodent Pasta Gigi Halal Siwak & Habbatussauda 150+40g,20.500,20.500,0,150+40g,Indomaret,tooth-paste--treatment,2024-01-28,Toko Indomaret
20122879,Rinso Deterjen Liquid + Molto Korean Strawberry 510mL,14.900,14.900,0,510mL,Indomaret,deterjen-cair,2024-01-28,Toko Indomaret
20122880,Molto Pelembut & Pewangi Pakaian Korean Strawberry 650mL,23.100,23.100,0,650mL,Indomaret,pelicin-dan-pewangi-pakaian,2024-01-28,Toko Indomaret
20122922,Zwitsal Kids Hair Lotion Spray Green Natural & Nourish 100mL,23.900,23.900,0,100mL,Indomaret,kids-cologne-oil-lotion-cream,2024-01-28,Toko Indomaret
20123256,Rinso Detergen Powder Anti Noda + Molto Korean Strawberry 650g,19.600,19.600,0,650g,Indomaret,deterjen-bubuk,2024-01-28,Toko Indomaret
20123338,Rinso Deterjen Liquid + Molto Refill Rose Fresh 1.45L,49.400,49.400,0,1.45L,Indomaret,deterjen-cair,2024-01-28,Toko Indomaret
20123404,Zwitsal Baby Bath Hair & Body Antibacterial 200mL,24.900,24.900,0,200mL,Indomaret,baby-hair-body-wash,2024-01-28,Toko Indomaret
20123405,Zwitsal Baby Hair Lotion Natural Sweet Almond & Vit E 100mL,31.500,31.500,0,100mL,Indomaret,perlengkapan-bayi,2024-01-28,Toko Indomaret
20123887,Royco Saus Tiram 135mL,10.900,10.900,0,135mL,Indomaret,cooking-sauce-1,2024-01-28,Toko Indomaret
20124808,Wall's Ice Cream Paddle Pop Milkie 56mL,4.500,4.500,0,56mL,Indomaret,es-krim,2024-01-28,Toko Indomaret
20125068,Clear Shampoo Anti Ketombe Complete Soft Care Tiny Tan 160mL,38.500,38.500,0,160mL,Indomaret,hair--shampoo,2024-01-28,Toko Indomaret
20125118,Rexona Deo Roll On Hijab Women Peach & Mint Cool 45mL,26.100,26.100,0,45mL,Indomaret,deodorant-stick,2024-01-28,Toko Indomaret
20125166,Wall's Ice Cream Magnum Cookies & Cream 80mL,20.000,20.000,0,80mL,Indomaret,es-krim,2024-01-28,Toko Indomaret
20125167,Wall's Ice Cream Cornetto Rose Strawberry Cheesecake 131mL,13.500,13.500,0,131mL,Indomaret,es-krim,2024-01-28,Toko Indomaret
20125168,Wall's Ice Cream Feast Pop Vanilla & Caramel 64mL,10.500,10.500,0,64mL,Indomaret,es-krim,2024-01-28,Toko Indomaret
20125172,Wall's Ice Cream Selection Silverqueen 410mL,36.000,36.000,0,410mL,Indomaret,es-krim,2024-01-28,Toko Indomaret
20125623,Close Up Pasta Gigi Fresh Multivitamin 160g,23.900,23.900,0,160g,Indomaret,tooth-paste--treatment,2024-01-28,Toko Indomaret
20125698,Dove Micellar Shampoo Hair Boost 430mL,74.100,74.100,0,430mL,Indomaret,hair--shampoo,2024-01-28,Warehouse Jakarta 1
20125699,Dove Micellar Shampoo Deep Cleanse 430mL,74.100,74.100,0,430mL,Indomaret,hair--shampoo,2024-01-28,Warehouse Jakarta 1
20125852,Lifebuoy Shampoo Anti Ketombe Refresh N Cool 155mL,18.900,26.900,,155mL,Indomaret,hair--shampoo,2024-01-28,Toko Indomaret
20126093,Wall's Carte D'or Chocolate,75.000,75.000,0,Chocolate,Indomaret,es-krim,2024-01-28,Penjual
20126095,Wall's Carte D'or Strawberry,75.000,75.000,0,Strawberry,Indomaret,es-krim,2024-01-28,Penjual
20126485,Wall's Ice Cream Magnum Mini Mix 6X45mL,55.000,55.000,0,6X45mL,Indomaret,es-krim,2024-01-28,Toko Indomaret
20126525,Glow & Lovely Ultimate UV Duo Vitamin C SPF 35 Pa+++ 20g,21.700,21.700,0,20g,Indomaret,sunscreen,2024-01-28,Toko Indomaret
20126740,Molto Pelembut & Pewangi Pakaian Casablanca Lily 650mL,14.900,23.100,,650mL,Indomaret,pelicin-dan-pewangi-pakaian,2024-01-28,Toko Indomaret
20126741,Molto Pelembut & Pewangi Pakaian Himalayan Honeysuckle 650mL,14.900,23.100,,650mL,Indomaret,pelicin-dan-pewangi-pakaian,2024-01-28,Toko Indomaret
